[{"obj_id": "Monitor Critical Services Based on Health Score", "obj_type": "correlation_search", "obj_app": "itsi", "obj_storename": "itsi_correlation_search", "obj_shared_by_inclusion": true, "obj_acl": {"obj_owner": "nobody", "read": ["*"], "write": ["*"], "delete": []}, "acl_id": "1665049c-0321-11eb-b3bc-16e9e39a00a9", "acl_owner": "nobody", "_user": "nobody", "_key": "1665049c-0321-11eb-b3bc-16e9e39a00a9"}, {"obj_id": "Splunk App for Infrastructure Alerts", "obj_type": "correlation_search", "obj_app": "itsi", "obj_storename": "itsi_correlation_search", "obj_shared_by_inclusion": true, "obj_acl": {"obj_owner": "nobody", "read": ["*"], "write": ["*"], "delete": []}, "acl_id": "16be0eb6-0321-11eb-b3bc-16e9e39a00a9", "acl_owner": "nobody", "_user": "nobody", "_key": "16be0eb6-0321-11eb-b3bc-16e9e39a00a9"}, {"obj_id": "Normalized Correlation Search", "obj_type": "correlation_search", "obj_app": "itsi", "obj_storename": "itsi_correlation_search", "obj_shared_by_inclusion": true, "obj_acl": {"obj_owner": "nobody", "read": ["*"], "write": ["*"], "delete": []}, "acl_id": "1716171e-0321-11eb-b3bc-16e9e39a00a9", "acl_owner": "nobody", "_user": "nobody", "_key": "1716171e-0321-11eb-b3bc-16e9e39a00a9"}, {"obj_id": "itsi_default_policy", "obj_type": "notable_event_aggregation_policy", "obj_app": "itsi", "obj_storename": "itsi_notable_event_aggregation_policy", "obj_shared_by_inclusion": true, "obj_acl": {"obj_owner": "nobody", "read": ["*"], "write": ["*"], "delete": []}, "acl_id": "17164536-0321-11eb-b8f1-16e9e39a00a9", "acl_owner": "nobody", "_user": "nobody", "_key": "17164536-0321-11eb-b8f1-16e9e39a00a9"}, {"obj_id": "normalized_aggregation_policy", "obj_type": "notable_event_aggregation_policy", "obj_app": "itsi", "obj_storename": "itsi_notable_event_aggregation_policy", "obj_shared_by_inclusion": true, "obj_acl": {"obj_owner": "nobody", "read": ["*"], "write": ["*"], "delete": []}, "acl_id": "172de718-0321-11eb-b8f1-16e9e39a00a9", "acl_owner": "nobody", "_user": "nobody", "_key": "172de718-0321-11eb-b8f1-16e9e39a00a9"}, {"obj_id": "1734441e-099d-11eb-b09f-16e9e39a00a9", "obj_type": "glass_table", "obj_app": "itsi", "obj_storename": "itsi_pages", "obj_shared_by_inclusion": true, "obj_acl": {"obj_owner": "nobody", "read": ["*"], "write": ["*"], "delete": ["*"]}, "acl_id": "1736d508-099d-11eb-b09f-16e9e39a00a9", "acl_owner": "nobody", "_user": "nobody", "_key": "1736d508-099d-11eb-b09f-16e9e39a00a9"}, {"obj_id": "itsi_default_snmp_policy", "obj_type": "notable_event_aggregation_policy", "obj_app": "itsi", "obj_storename": "itsi_notable_event_aggregation_policy", "obj_shared_by_inclusion": true, "obj_acl": {"obj_owner": "nobody", "read": ["*"], "write": ["*"], "delete": []}, "acl_id": "1742ce3a-0321-11eb-b8f1-16e9e39a00a9", "acl_owner": "nobody", "_user": "nobody", "_key": "1742ce3a-0321-11eb-b8f1-16e9e39a00a9"}, {"obj_id": "kpi_alerting_policy", "obj_type": "notable_event_aggregation_policy", "obj_app": "itsi", "obj_storename": "itsi_notable_event_aggregation_policy", "obj_shared_by_inclusion": true, "obj_acl": {"obj_owner": "nobody", "read": ["*"], "write": ["*"], "delete": []}, "acl_id": "17548814-0321-11eb-b8f1-16e9e39a00a9", "acl_owner": "nobody", "_user": "nobody", "_key": "17548814-0321-11eb-b8f1-16e9e39a00a9"}, {"obj_id": "SNMP Traps", "obj_type": "correlation_search", "obj_app": "itsi", "obj_storename": "itsi_correlation_search", "obj_shared_by_inclusion": true, "obj_acl": {"obj_owner": "nobody", "read": ["*"], "write": ["*"], "delete": []}, "acl_id": "1771b222-0321-11eb-b3bc-16e9e39a00a9", "acl_owner": "nobody", "_user": "nobody", "_key": "1771b222-0321-11eb-b3bc-16e9e39a00a9"}, {"obj_id": "Bidirectional Ticketing", "obj_type": "correlation_search", "obj_app": "itsi", "obj_storename": "itsi_correlation_search", "obj_shared_by_inclusion": true, "obj_acl": {"obj_owner": "nobody", "read": ["*"], "write": ["*"], "delete": []}, "acl_id": "17d737dc-0321-11eb-b3bc-16e9e39a00a9", "acl_owner": "nobody", "_user": "nobody", "_key": "17d737dc-0321-11eb-b3bc-16e9e39a00a9"}, {"obj_id": "jesus", "obj_type": "home_view", "obj_app": "itsi", "obj_storename": "itsi_service_analyzer", "obj_shared_by_inclusion": true, "obj_acl": {"obj_owner": "nobody", "read": ["*"], "write": ["*"], "delete": ["*"]}, "acl_id": "bec7eb36-0321-11eb-a3c0-16e9e39a00a9", "acl_owner": "nobody", "_user": "nobody", "_key": "bec7eb36-0321-11eb-a3c0-16e9e39a00a9"}, {"obj_id": "dd43dd58-08b3-11eb-92cb-16e9e39a00a9", "obj_type": "home_view", "obj_app": "itsi", "obj_storename": "itsi_service_analyzer", "obj_shared_by_inclusion": true, "obj_acl": {"obj_owner": "nobody", "read": ["*"], "write": ["*"], "delete": ["*"]}, "acl_id": "dd4b2d92-08b3-11eb-92cb-16e9e39a00a9", "acl_owner": "nobody", "_user": "nobody", "_key": "dd4b2d92-08b3-11eb-92cb-16e9e39a00a9"}]