[{"action.email": "0", "action.email.format": "pdf", "action.email.includeEntities": "0", "action.email.sendresults": null, "action.email.to": null, "action.itsi_event_generator": "1", "action.itsi_event_generator.param.drilldown_search_earliest_offset": "-300", "action.itsi_event_generator.param.drilldown_search_latest_offset": "300", "action.itsi_event_generator.param.editor": "advance_correlation_builder_editor", "action.itsi_event_generator.param.meta_data": "{}", "action.itsi_event_generator.param.owner": "unassigned", "action.itsi_event_generator.param.search_type": "basic", "action.itsi_event_generator.param.severity": "1", "action.itsi_event_generator.param.status": "1", "action.itsi_event_generator.param.title": "Ticket Event", "action.rss": "0", "action.script": "0", "actions": "itsi_event_generator", "alert.digest_mode": "1", "alert.expires": "24h", "alert.managedBy": null, "alert.severity": "3", "alert.suppress": "0", "alert.suppress.fields": null, "alert.suppress.period": null, "alert.track": "0", "alert_comparator": "greater than", "alert_condition": null, "alert_threshold": "0", "alert_type": "number of events", "allow_skew": "0", "auto_summarize": "0", "cron_schedule": "*/1 * * * *", "defer_scheduled_searchable_idxc": "1", "description": null, "disabled": "1", "dispatch.auto_cancel": "0", "dispatch.auto_pause": "0", "dispatch.buckets": "0", "dispatch.earliest_time": "-30m", "dispatch.index_earliest": null, "dispatch.index_latest": null, "dispatch.indexedRealtime": null, "dispatch.indexedRealtimeMinSpan": null, "dispatch.indexedRealtimeOffset": null, "dispatch.latest_time": "now", "dispatch.lookups": "1", "dispatch.max_count": "500000", "dispatch.max_time": "0", "dispatch.reduce_freq": "10", "dispatch.rt_backfill": "0", "dispatch.rt_maximum_span": null, "dispatch.sample_ratio": "1", "dispatch.spawn_process": "1", "dispatch.time_format": "%FT%T.%Q%:z", "dispatch.ttl": "2p", "dispatchAs": "owner", "displayview": null, "eai:acl": {"app": "itsi", "can_change_perms": "1", "can_list": "1", "can_share_app": "1", "can_share_global": "1", "can_share_user": "0", "can_write": "1", "modifiable": "1", "owner": "nobody", "perms": {"delete": ["itoa_admin", "itoa_team_admin"], "read": ["*"], "write": ["itoa_admin", "itoa_team_admin"]}, "removable": "0", "sharing": "global"}, "is_scheduled": "1", "is_visible": "1", "max_concurrent": "1", "next_scheduled_time": null, "qualifiedSearch": " datamodel Ticket_Management Incident search | rename All_Ticket_Management.ticket_id as ticket_id\n  | join ticket_id [search sourcetype=\"snow:incident\" | where _indextime > now() - 60]\n  | join ticket_id [| inputlookup itsi_notable_event_external_ticket | rename tickets.* as *\n  | stats values(event_id) as group_id last(ticket_system) as ticket_system by ticket_id]\n  | fields - dv_* | table * | makemv group_id | mvexpand group_id\n  | eval bidirectional_ticketing=1, snow_hash = number + \"!\" + group_id + \"!\" + sys_updated_on | dedup snow_hash\n  | join snow_hash type=left [| inputcsv snow_hash.csv ] | where isnull(is_dup)\n  | appendpipe [ | fields snow_hash | eval is_dup=1 | fields - _raw _time | outputcsv snow_hash.csv | where 1=2]", "realtime_schedule": "1", "restart_on_searchpeer_add": "1", "run_n_times": "0", "run_on_startup": "0", "schedule_priority": "default", "schedule_window": "0", "search": "| datamodel Ticket_Management Incident search | rename All_Ticket_Management.ticket_id as ticket_id\n  | join ticket_id [search sourcetype=\"snow:incident\" | where _indextime > now() - 60]\n  | join ticket_id [| inputlookup itsi_notable_event_external_ticket | rename tickets.* as *\n  | stats values(event_id) as group_id last(ticket_system) as ticket_system by ticket_id]\n  | fields - dv_* | table * | makemv group_id | mvexpand group_id\n  | eval bidirectional_ticketing=1, snow_hash = number + \"!\" + group_id + \"!\" + sys_updated_on | dedup snow_hash\n  | join snow_hash type=left [| inputcsv snow_hash.csv ] | where isnull(is_dup)\n  | appendpipe [ | fields snow_hash | eval is_dup=1 | fields - _raw _time | outputcsv snow_hash.csv | where 1=2]", "vsid": null, "workload_pool": null, "name": "Bidirectional Ticketing", "sid": "Bidirectional Ticketing", "object_type": "correlation_search"}, {"action.email": "0", "action.email.format": "pdf", "action.email.sendresults": null, "action.email.to": null, "action.itsi_event_generator": "1", "action.itsi_event_generator.param.description": "%service_name% is currently in %severity_label% with a value of %severity_value% at %actual_time%", "action.itsi_event_generator.param.drilldown_search_earliest_offset": "-300", "action.itsi_event_generator.param.drilldown_search_latest_offset": "300", "action.itsi_event_generator.param.drilldown_search_search": "`service_health_data` %itsi_service_id%", "action.itsi_event_generator.param.drilldown_search_title": "%service_name% health", "action.itsi_event_generator.param.drilldown_title": "Drilldown to %service_name% health score", "action.itsi_event_generator.param.drilldown_uri": "/app/itsi/service_detail?serviceId=%itsi_service_id%&earliest=rt-24h&latest=rtnow&kpiId=%kpiid%", "action.itsi_event_generator.param.editor": "advance_correlation_builder_editor", "action.itsi_event_generator.param.meta_data": "{}", "action.itsi_event_generator.param.owner": "unassigned", "action.itsi_event_generator.param.search_type": "basic", "action.itsi_event_generator.param.severity": "4", "action.itsi_event_generator.param.status": "0", "action.itsi_event_generator.param.title": "%service_name% is in %severity_label% - %severity_value%", "action.rss": "0", "action.script": "0", "actions": "itsi_event_generator", "alert.digest_mode": "1", "alert.expires": "24h", "alert.managedBy": null, "alert.severity": "3", "alert.suppress": "0", "alert.suppress.fields": null, "alert.suppress.period": null, "alert.track": "0", "alert_comparator": "greater than", "alert_condition": null, "alert_threshold": "0", "alert_type": "number of events", "allow_skew": "0", "auto_summarize": "0", "cron_schedule": "*/1 * * * *", "defer_scheduled_searchable_idxc": "1", "description": "Monitor Critical service in the environment.", "disabled": "1", "dispatch.auto_cancel": "0", "dispatch.auto_pause": "0", "dispatch.buckets": "0", "dispatch.earliest_time": "-1m", "dispatch.index_earliest": null, "dispatch.index_latest": null, "dispatch.indexedRealtime": null, "dispatch.indexedRealtimeMinSpan": null, "dispatch.indexedRealtimeOffset": null, "dispatch.latest_time": "now", "dispatch.lookups": "1", "dispatch.max_count": "500000", "dispatch.max_time": "0", "dispatch.reduce_freq": "10", "dispatch.rt_backfill": "0", "dispatch.rt_maximum_span": null, "dispatch.sample_ratio": "1", "dispatch.spawn_process": "1", "dispatch.time_format": "%FT%T.%Q%:z", "dispatch.ttl": "2p", "dispatchAs": "owner", "displayview": null, "eai:acl": {"app": "itsi", "can_change_perms": "1", "can_list": "1", "can_share_app": "1", "can_share_global": "1", "can_share_user": "0", "can_write": "1", "modifiable": "1", "owner": "nobody", "perms": {"delete": ["itoa_admin", "itoa_team_admin"], "read": ["*"], "write": ["itoa_admin", "itoa_team_admin"]}, "removable": "0", "sharing": "global"}, "is_scheduled": "1", "is_visible": "1", "max_concurrent": "1", "next_scheduled_time": null, "qualifiedSearch": "search `service_health_data` alert_level=6 | rename serviceid as itsi_service_id | rename kpiid as itsi_kpi_id | rename kpi as kpi_name| lookup service_kpi_lookup _key as itsi_service_id OUTPUT title | rename title as service_name | eval actual_time=_time | convert ctime(actual_time) as actual_time", "realtime_schedule": "1", "restart_on_searchpeer_add": "1", "run_n_times": "0", "run_on_startup": "0", "schedule_priority": "default", "schedule_window": "0", "search": "`service_health_data` alert_level=6 | rename serviceid as itsi_service_id | rename kpiid as itsi_kpi_id | rename kpi as kpi_name| lookup service_kpi_lookup _key as itsi_service_id OUTPUT title | rename title as service_name | eval actual_time=_time | convert ctime(actual_time) as actual_time", "vsid": null, "workload_pool": null, "name": "Monitor Critical Services Based on Health Score", "sid": "Monitor Critical Services Based on Health Score", "object_type": "correlation_search"}, {"action.email": "0", "action.email.format": "pdf", "action.email.sendresults": null, "action.email.to": null, "action.itsi_event_generator": "1", "action.itsi_event_generator.param.description": "%itsiDetails%", "action.itsi_event_generator.param.drilldown_search_earliest_offset": "-300", "action.itsi_event_generator.param.drilldown_search_latest_offset": "300", "action.itsi_event_generator.param.drilldown_search_search": "itsiInstance=\"%itsiInstance%\" itsiAlert=\"%itsiAlert%\"", "action.itsi_event_generator.param.drilldown_search_title": "Show Alerts", "action.itsi_event_generator.param.editor": "advance_correlation_builder_editor", "action.itsi_event_generator.param.entity_lookup_field": "tmp_entity", "action.itsi_event_generator.param.meta_data": "{}", "action.itsi_event_generator.param.owner": "unassigned", "action.itsi_event_generator.param.search_type": "basic", "action.itsi_event_generator.param.severity": "%itsiSeverity%", "action.itsi_event_generator.param.status": "1", "action.itsi_event_generator.param.title": "%itsiAlert% - %itsiInstance% (%itsiSubInstance%) is %itsiRawStatus%", "action.rss": "0", "action.script": "0", "actions": "itsi_event_generator", "alert.digest_mode": "1", "alert.expires": "24h", "alert.managedBy": null, "alert.severity": "3", "alert.suppress": "0", "alert.suppress.fields": null, "alert.suppress.period": null, "alert.track": "0", "alert_comparator": "greater than", "alert_condition": null, "alert_threshold": "0", "alert_type": "number of events", "allow_skew": "0", "auto_summarize": "0", "cron_schedule": "*/1 * * * *", "defer_scheduled_searchable_idxc": "1", "description": "Correlation search on ITSI normalized fields", "disabled": "1", "dispatch.auto_cancel": "0", "dispatch.auto_pause": "0", "dispatch.buckets": "0", "dispatch.earliest_time": "-1m", "dispatch.index_earliest": null, "dispatch.index_latest": null, "dispatch.indexedRealtime": null, "dispatch.indexedRealtimeMinSpan": null, "dispatch.indexedRealtimeOffset": null, "dispatch.latest_time": "now", "dispatch.lookups": "1", "dispatch.max_count": "500000", "dispatch.max_time": "0", "dispatch.reduce_freq": "10", "dispatch.rt_backfill": "0", "dispatch.rt_maximum_span": null, "dispatch.sample_ratio": "1", "dispatch.spawn_process": "1", "dispatch.time_format": "%FT%T.%Q%:z", "dispatch.ttl": "2p", "dispatchAs": "owner", "displayview": null, "eai:acl": {"app": "itsi", "can_change_perms": "1", "can_list": "1", "can_share_app": "1", "can_share_global": "1", "can_share_user": "0", "can_write": "1", "modifiable": "1", "owner": "nobody", "perms": {"delete": ["itoa_admin", "itoa_team_admin"], "read": ["*"], "write": ["itoa_admin", "itoa_team_admin"]}, "removable": "0", "sharing": "global"}, "is_scheduled": "1", "is_visible": "1", "max_concurrent": "1", "next_scheduled_time": null, "qualifiedSearch": "search itsiInstance=* itsiAlert=* itsiSeverity=* | eval itsiSubInstance=if(isnull(itsiSubInstance), \"-\", itsiSubInstance) | eval itsiDetails = if(isnull(itsiDetails), \"no details\", itsiDetails) | eval itsiRawStatus = if(isnull(itsiRawStatus), \"unknown\", itsiRawStatus) | sort itsiInstance itsiSubInstance itsiAlert -_time itsiSeverity | dedup consecutive=true itsiInstance itsiSubInstance itsiAlert itsiSeverity | eval tmp_entity=itsiInstance | `apply_entity_lookup(tmp_entity)`", "realtime_schedule": "1", "restart_on_searchpeer_add": "1", "run_n_times": "0", "run_on_startup": "0", "schedule_priority": "default", "schedule_window": "0", "search": "itsiInstance=* itsiAlert=* itsiSeverity=* | eval itsiSubInstance=if(isnull(itsiSubInstance), \"-\", itsiSubInstance) | eval itsiDetails = if(isnull(itsiDetails), \"no details\", itsiDetails) | eval itsiRawStatus = if(isnull(itsiRawStatus), \"unknown\", itsiRawStatus) | sort itsiInstance itsiSubInstance itsiAlert -_time itsiSeverity | dedup consecutive=true itsiInstance itsiSubInstance itsiAlert itsiSeverity | eval tmp_entity=itsiInstance | `apply_entity_lookup(tmp_entity)`", "vsid": null, "workload_pool": null, "name": "Normalized Correlation Search", "sid": "Normalized Correlation Search", "object_type": "correlation_search"}, {"action.email": "0", "action.email.format": "pdf", "action.email.includeEntities": "0", "action.email.sendresults": null, "action.email.to": null, "action.itsi_event_generator": "1", "action.itsi_event_generator.param.description": "%node%:%Description%", "action.itsi_event_generator.param.drilldown_search_earliest_offset": "-300", "action.itsi_event_generator.param.drilldown_search_latest_offset": "300", "action.itsi_event_generator.param.drilldown_search_search": "index=snmptrapd", "action.itsi_event_generator.param.drilldown_search_title": "Node details", "action.itsi_event_generator.param.editor": "advance_correlation_builder_editor", "action.itsi_event_generator.param.meta_data": "{}", "action.itsi_event_generator.param.owner": "unassigned", "action.itsi_event_generator.param.search_type": "basic", "action.itsi_event_generator.param.severity": "1", "action.itsi_event_generator.param.status": "1", "action.itsi_event_generator.param.title": "%node%:%Description%", "action.rss": "0", "action.script": "0", "actions": "itsi_event_generator", "alert.digest_mode": "1", "alert.expires": "24h", "alert.managedBy": null, "alert.severity": "3", "alert.suppress": "0", "alert.suppress.fields": null, "alert.suppress.period": null, "alert.track": "0", "alert_comparator": "greater than", "alert_condition": null, "alert_threshold": "0", "alert_type": "number of events", "allow_skew": "0", "auto_summarize": "0", "cron_schedule": "*/1 * * * *", "defer_scheduled_searchable_idxc": "1", "description": null, "disabled": "1", "dispatch.auto_cancel": "0", "dispatch.auto_pause": "0", "dispatch.buckets": "0", "dispatch.earliest_time": "-1m", "dispatch.index_earliest": null, "dispatch.index_latest": null, "dispatch.indexedRealtime": null, "dispatch.indexedRealtimeMinSpan": null, "dispatch.indexedRealtimeOffset": null, "dispatch.latest_time": "@m", "dispatch.lookups": "1", "dispatch.max_count": "500000", "dispatch.max_time": "0", "dispatch.reduce_freq": "10", "dispatch.rt_backfill": "0", "dispatch.rt_maximum_span": null, "dispatch.sample_ratio": "1", "dispatch.spawn_process": "1", "dispatch.time_format": "%FT%T.%Q%:z", "dispatch.ttl": "2p", "dispatchAs": "owner", "displayview": null, "eai:acl": {"app": "itsi", "can_change_perms": "1", "can_list": "1", "can_share_app": "1", "can_share_global": "1", "can_share_user": "0", "can_write": "1", "modifiable": "1", "owner": "nobody", "perms": {"delete": ["itoa_admin", "itoa_team_admin"], "read": ["*"], "write": ["itoa_admin", "itoa_team_admin"]}, "removable": "0", "sharing": "global"}, "is_scheduled": "1", "is_visible": "1", "max_concurrent": "1", "next_scheduled_time": null, "qualifiedSearch": "search index=snmptrapd", "realtime_schedule": "1", "restart_on_searchpeer_add": "1", "run_n_times": "0", "run_on_startup": "0", "schedule_priority": "default", "schedule_window": "0", "search": "index=snmptrapd", "vsid": null, "workload_pool": null, "name": "SNMP Traps", "sid": "SNMP Traps", "object_type": "correlation_search"}, {"action.email": "0", "action.email.format": "pdf", "action.email.sendresults": null, "action.email.to": null, "action.itsi_event_generator": "1", "action.itsi_event_generator.param.description": "%itsiNotableTitle% %metric_name% alert imported from Splunk App for Infrastructure", "action.itsi_event_generator.param.drilldown_search_earliest_offset": "-300", "action.itsi_event_generator.param.drilldown_search_latest_offset": "300", "action.itsi_event_generator.param.drilldown_search_search": "%itsiDrilldownSearch%", "action.itsi_event_generator.param.drilldown_search_title": "%itsiNotableTitle% Search", "action.itsi_event_generator.param.drilldown_title": "%itsiNotableTitle% Analysis in Splunk App for Infrastructure", "action.itsi_event_generator.param.drilldown_uri": "%itsiDrilldownURI%", "action.itsi_event_generator.param.editor": "advance_correlation_builder_editor", "action.itsi_event_generator.param.entity_lookup_field": "itsiInstance", "action.itsi_event_generator.param.meta_data": "{}", "action.itsi_event_generator.param.owner": "unassigned", "action.itsi_event_generator.param.search_type": "basic", "action.itsi_event_generator.param.severity": "%itsiSeverity%", "action.itsi_event_generator.param.status": "1", "action.itsi_event_generator.param.title": "%itsiNotableTitle% %metric_name% %state_change%d", "action.rss": "0", "action.script": "0", "actions": "itsi_event_generator", "alert.digest_mode": "1", "alert.expires": "24h", "alert.managedBy": null, "alert.severity": "3", "alert.suppress": "0", "alert.suppress.fields": null, "alert.suppress.period": null, "alert.track": "0", "alert_comparator": "greater than", "alert_condition": null, "alert_threshold": "0", "alert_type": "number of events", "allow_skew": "0", "auto_summarize": "0", "cron_schedule": "*/1 * * * *", "defer_scheduled_searchable_idxc": "1", "description": "Import alerts from Splunk App for Infrastructure.", "disabled": "0", "dispatch.auto_cancel": "0", "dispatch.auto_pause": "0", "dispatch.buckets": "0", "dispatch.earliest_time": "-5m", "dispatch.index_earliest": null, "dispatch.index_latest": null, "dispatch.indexedRealtime": null, "dispatch.indexedRealtimeMinSpan": null, "dispatch.indexedRealtimeOffset": null, "dispatch.latest_time": "now", "dispatch.lookups": "1", "dispatch.max_count": "500000", "dispatch.max_time": "0", "dispatch.reduce_freq": "10", "dispatch.rt_backfill": "0", "dispatch.rt_maximum_span": null, "dispatch.sample_ratio": "1", "dispatch.spawn_process": "1", "dispatch.time_format": "%FT%T.%Q%:z", "dispatch.ttl": "2p", "dispatchAs": "owner", "displayview": null, "eai:acl": {"app": "itsi", "can_change_perms": "1", "can_list": "1", "can_share_app": "1", "can_share_global": "1", "can_share_user": "0", "can_write": "1", "modifiable": "1", "owner": "nobody", "perms": {"delete": ["itoa_admin", "itoa_team_admin"], "read": ["*"], "write": ["itoa_admin", "itoa_team_admin"]}, "removable": "0", "sharing": "global"}, "is_scheduled": "1", "is_visible": "1", "max_concurrent": "1", "next_scheduled_time": "2020-10-09 17:15:00 UTC", "qualifiedSearch": "search index=infra_alerts AND current_state!=None | rex \"entity_id=\\\"(?<entity_id>.*?)\\\",\" | eval urlencoded_entity_id=entity_id | rex field=urlencoded_entity_id mode=sed \"s:=:\\\\%3D:g\" | eval itsiAlert=search_name | eval itsiInstance=entity_title | eval itsiSubInstance=if(isnull(itsiSubInstance), \"-\", itsiSubInstance) | eval itsiRawStatus=current_state | eval itsiSeverity=case(current_state = \"1\", 2, current_state=\"3\", 4, current_state = \"5\", 6, 1=1, 1) | eval itsiDetails = state_change + \": \" + identifier_dimensions + \" \" + metric_name + \" current value is \" + current_value | eval itsiDrilldownURI=if(isnull(entity_title), \"/app/splunk_app_infrastructure/metrics_analysis?\" + managed_by_type + \"=\" + managed_by_id + \"&alert_name=\" + ss_id + \"&aggregation_type=\" + aggregation_method + \"&tab=ANALYSIS\",\"/app/splunk_app_infrastructure/metrics_analysis?entity=\" + urlencoded_entity_id + \"&tab=ANALYSIS\") | eval itsiDrilldownSearch=if(isnull(entity_title), \"index=infra_alerts current_state!=None managed_by_id=\" + managed_by_id, \"index=infra_alerts current_state!=None search entity_id=\" + urlencoded_entity_id) | eval itsiNotableTitle=if(isnull(entity_title), ss_id, entity_title) | eval sec_grp=default_itsi_security_group | `filter_maintenance_entities`", "realtime_schedule": "1", "restart_on_searchpeer_add": "1", "run_n_times": "0", "run_on_startup": "0", "schedule_priority": "default", "schedule_window": "0", "search": "index=infra_alerts AND current_state!=None | rex \"entity_id=\\\"(?<entity_id>.*?)\\\",\" | eval urlencoded_entity_id=entity_id | rex field=urlencoded_entity_id mode=sed \"s:=:\\\\%3D:g\" | eval itsiAlert=search_name | eval itsiInstance=entity_title | eval itsiSubInstance=if(isnull(itsiSubInstance), \"-\", itsiSubInstance) | eval itsiRawStatus=current_state | eval itsiSeverity=case(current_state = \"1\", 2, current_state=\"3\", 4, current_state = \"5\", 6, 1=1, 1) | eval itsiDetails = state_change + \": \" + identifier_dimensions + \" \" + metric_name + \" current value is \" + current_value | eval itsiDrilldownURI=if(isnull(entity_title), \"/app/splunk_app_infrastructure/metrics_analysis?\" + managed_by_type + \"=\" + managed_by_id + \"&alert_name=\" + ss_id + \"&aggregation_type=\" + aggregation_method + \"&tab=ANALYSIS\",\"/app/splunk_app_infrastructure/metrics_analysis?entity=\" + urlencoded_entity_id + \"&tab=ANALYSIS\") | eval itsiDrilldownSearch=if(isnull(entity_title), \"index=infra_alerts current_state!=None managed_by_id=\" + managed_by_id, \"index=infra_alerts current_state!=None search entity_id=\" + urlencoded_entity_id) | eval itsiNotableTitle=if(isnull(entity_title), ss_id, entity_title) | eval sec_grp=default_itsi_security_group | `filter_maintenance_entities`", "vsid": null, "workload_pool": null, "name": "Splunk App for Infrastructure Alerts", "sid": "Splunk App for Infrastructure Alerts", "object_type": "correlation_search"}]