[{"_type": "entity", "create_by": "jesus", "create_source": "unknown", "create_time": "2020-09-30 10:14:07.222651", "description": "", "identifier": {"fields": ["entities"], "values": ["carts"]}, "informational": {"fields": [], "values": []}, "mod_by": "nobody", "mod_source": "REST", "mod_time": "2020-10-09 16:15:03.414479", "object_type": "entity", "services": [{"_key": "b9058511-2976-49bf-8708-b5e4b970c50b", "title": "test"}, {"_key": "29200c87-c859-4ea9-9d77-0f27dfe1b1d8", "title": "carts"}], "title": "carts", "identifying_name": "carts", "entities": ["carts"], "mod_timestamp": "2020-10-09T16:15:06.475965+00:00", "_version": "4.4.5", "sec_grp": "default_itsi_security_group", "_itsi_identifier_lookups": ["entities=carts"], "permissions": {"user": "nobody", "group": {"read": true, "write": true, "delete": true}, "read": true, "write": true, "delete": true}, "_user": "nobody", "_key": "077ea2b2-254c-42a2-ad95-7a73902599ed"}, {"_type": "entity", "create_by": "nobody", "create_source": "unknown", "create_time": "2020-10-02 17:15:21.358565", "description": "", "identifier": {"fields": ["entities"], "values": ["carts-db"]}, "informational": {"fields": [], "values": []}, "mod_by": "nobody", "mod_source": "REST", "mod_time": "2020-10-09 16:15:03.414584", "object_type": "entity", "services": [{"_key": "b9058511-2976-49bf-8708-b5e4b970c50b", "title": "test"}, {"_key": "d956e86f-cefc-4844-8a80-da694c22d973", "title": "carts-db"}], "title": "carts-db", "identifying_name": "carts-db", "entities": ["carts-db"], "mod_timestamp": "2020-10-09T16:15:06.476005+00:00", "_version": "4.4.5", "sec_grp": "default_itsi_security_group", "_itsi_identifier_lookups": ["entities=carts-db"], "permissions": {"user": "nobody", "group": {"read": true, "write": true, "delete": true}, "read": true, "write": true, "delete": true}, "_user": "nobody", "_key": "bbdb2a30-041b-4e08-b9d9-2d2f58419bea"}, {"_type": "entity", "create_by": "jesus", "create_source": "unknown", "create_time": "2020-09-30 10:14:07.222771", "description": "", "identifier": {"fields": ["entities"], "values": ["catalogue"]}, "informational": {"fields": [], "values": []}, "mod_by": "nobody", "mod_source": "REST", "mod_time": "2020-10-09 16:15:03.414639", "object_type": "entity", "services": [{"_key": "291c9638-d3c9-42a3-b5fa-75e7dac57f9d", "title": "catalogue"}, {"_key": "b9058511-2976-49bf-8708-b5e4b970c50b", "title": "test"}], "title": "catalogue", "identifying_name": "catalogue", "entities": ["catalogue"], "mod_timestamp": "2020-10-09T16:15:06.476019+00:00", "_version": "4.4.5", "sec_grp": "default_itsi_security_group", "_itsi_identifier_lookups": ["entities=catalogue"], "permissions": {"user": "nobody", "group": {"read": true, "write": true, "delete": true}, "read": true, "write": true, "delete": true}, "_user": "nobody", "_key": "7fdcc110-3e67-4a87-bae4-73aa61a21749"}, {"_type": "entity", "create_by": "nobody", "create_source": "unknown", "create_time": "2020-10-02 17:15:21.358975", "description": "", "identifier": {"fields": ["entities"], "values": ["catalogue-db"]}, "informational": {"fields": [], "values": []}, "mod_by": "nobody", "mod_source": "REST", "mod_time": "2020-10-08 18:15:02.918737", "object_type": "entity", "services": [{"_key": "85de4757-0d52-4084-a818-849f1cc9e114", "title": "catalogue-db"}, {"_key": "b9058511-2976-49bf-8708-b5e4b970c50b", "title": "test"}], "title": "catalogue-db", "identifying_name": "catalogue-db", "entities": ["catalogue-db"], "mod_timestamp": "2020-10-08T18:15:06.769962+00:00", "_version": "4.4.5", "sec_grp": "default_itsi_security_group", "_itsi_identifier_lookups": ["entities=catalogue-db"], "permissions": {"user": "nobody", "group": {"read": true, "write": true, "delete": true}, "read": true, "write": true, "delete": true}, "_user": "nobody", "_key": "6ec7d533-a7d7-4464-b2e6-878ca19f13f2"}, {"_type": "entity", "create_by": "jesus", "create_source": "unknown", "create_time": "2020-09-30 10:14:07.222849", "description": "", "identifier": {"fields": ["entities"], "values": ["front-end"]}, "informational": {"fields": [], "values": []}, "mod_by": "nobody", "mod_source": "REST", "mod_time": "2020-10-09 16:15:03.414688", "object_type": "entity", "services": [{"_key": "00cc135f-48a6-4916-8eb2-d0a4292974d3", "title": "front-end"}, {"_key": "b9058511-2976-49bf-8708-b5e4b970c50b", "title": "test"}], "title": "front-end", "identifying_name": "front-end", "entities": ["front-end"], "mod_timestamp": "2020-10-09T16:15:06.476032+00:00", "_version": "4.4.5", "sec_grp": "default_itsi_security_group", "_itsi_identifier_lookups": ["entities=front-end"], "permissions": {"user": "nobody", "group": {"read": true, "write": true, "delete": true}, "read": true, "write": true, "delete": true}, "_user": "nobody", "_key": "5c06483e-6205-4a20-93cd-70d3f4291398"}, {"_type": "entity", "create_by": "jesus", "create_source": "unknown", "create_time": "2020-09-30 10:14:07.222955", "description": "", "identifier": {"fields": ["entities"], "values": ["nginx-ingress-controller"]}, "informational": {"fields": [], "values": []}, "mod_by": "nobody", "mod_source": "REST", "mod_time": "2020-10-02 16:15:08.212596", "object_type": "entity", "services": [{"_key": "b9058511-2976-49bf-8708-b5e4b970c50b", "title": "test"}], "title": "nginx-ingress-controller", "identifying_name": "nginx-ingress-controller", "entities": ["nginx-ingress-controller"], "mod_timestamp": "2020-10-02T16:15:10.762736+00:00", "_version": "4.4.5", "sec_grp": "default_itsi_security_group", "_itsi_identifier_lookups": ["entities=nginx-ingress-controller"], "permissions": {"user": "nobody", "group": {"read": true, "write": true, "delete": true}, "read": true, "write": true, "delete": true}, "_user": "nobody", "_key": "143963a3-4d94-4561-919f-039a43e0c87a"}, {"_type": "entity", "create_by": "jesus", "create_source": "unknown", "create_time": "2020-09-30 10:14:07.223028", "description": "", "identifier": {"fields": ["entities"], "values": ["orders"]}, "informational": {"fields": [], "values": []}, "mod_by": "nobody", "mod_source": "REST", "mod_time": "2020-10-09 16:15:03.414742", "object_type": "entity", "services": [{"_key": "f8c2132e-4733-4fbb-a421-862028e0e17e", "title": "orders"}, {"_key": "b9058511-2976-49bf-8708-b5e4b970c50b", "title": "test"}], "title": "orders", "identifying_name": "orders", "entities": ["orders"], "mod_timestamp": "2020-10-09T16:15:06.476044+00:00", "_version": "4.4.5", "sec_grp": "default_itsi_security_group", "_itsi_identifier_lookups": ["entities=orders"], "permissions": {"user": "nobody", "group": {"read": true, "write": true, "delete": true}, "read": true, "write": true, "delete": true}, "_user": "nobody", "_key": "f59905c6-af2c-49d0-89cd-f53b67d8f6f1"}, {"_type": "entity", "create_by": "nobody", "create_source": "unknown", "create_time": "2020-10-02 17:15:21.359804", "description": "", "identifier": {"fields": ["entities"], "values": ["orders-db"]}, "informational": {"fields": [], "values": []}, "mod_by": "nobody", "mod_source": "REST", "mod_time": "2020-10-09 16:15:03.414791", "object_type": "entity", "services": [{"_key": "6e691dfb-1ae0-4e34-8d85-dd3cdb06bc21", "title": "orders-db"}, {"_key": "b9058511-2976-49bf-8708-b5e4b970c50b", "title": "test"}], "title": "orders-db", "identifying_name": "orders-db", "entities": ["orders-db"], "mod_timestamp": "2020-10-09T16:15:06.476056+00:00", "_version": "4.4.5", "sec_grp": "default_itsi_security_group", "_itsi_identifier_lookups": ["entities=orders-db"], "permissions": {"user": "nobody", "group": {"read": true, "write": true, "delete": true}, "read": true, "write": true, "delete": true}, "_user": "nobody", "_key": "89b5ff83-5a2c-45b1-a438-0870e473f0a4"}, {"_type": "entity", "create_by": "jesus", "create_source": "unknown", "create_time": "2020-09-30 10:14:07.223094", "description": "", "identifier": {"fields": ["entities"], "values": ["payment"]}, "informational": {"fields": [], "values": []}, "mod_by": "nobody", "mod_source": "REST", "mod_time": "2020-10-09 16:15:03.414841", "object_type": "entity", "services": [{"_key": "b9058511-2976-49bf-8708-b5e4b970c50b", "title": "test"}, {"_key": "b38952ae-88d0-43d7-ac91-45f01915f637", "title": "payment"}], "title": "payment", "identifying_name": "payment", "entities": ["payment"], "mod_timestamp": "2020-10-09T16:15:06.476067+00:00", "_version": "4.4.5", "sec_grp": "default_itsi_security_group", "_itsi_identifier_lookups": ["entities=payment"], "permissions": {"user": "nobody", "group": {"read": true, "write": true, "delete": true}, "read": true, "write": true, "delete": true}, "_user": "nobody", "_key": "67b23f06-feac-442e-8018-c2433d24ac68"}, {"_type": "entity", "create_by": "jesus", "create_source": "unknown", "create_time": "2020-09-30 10:14:07.223158", "description": "", "identifier": {"fields": ["entities"], "values": ["queue-master"]}, "informational": {"fields": [], "values": []}, "mod_by": "nobody", "mod_source": "REST", "mod_time": "2020-10-09 16:15:03.414918", "object_type": "entity", "services": [{"_key": "9c3811e8-cf19-4a23-9998-49ae67cf634d", "title": "queue-master"}, {"_key": "b9058511-2976-49bf-8708-b5e4b970c50b", "title": "test"}], "title": "queue-master", "identifying_name": "queue-master", "entities": ["queue-master"], "mod_timestamp": "2020-10-09T16:15:06.476078+00:00", "_version": "4.4.5", "sec_grp": "default_itsi_security_group", "_itsi_identifier_lookups": ["entities=queue-master"], "permissions": {"user": "nobody", "group": {"read": true, "write": true, "delete": true}, "read": true, "write": true, "delete": true}, "_user": "nobody", "_key": "c872f07f-7448-45b9-bc7b-1ddf5718d07d"}, {"_type": "entity", "create_by": "nobody", "create_source": "unknown", "create_time": "2020-10-02 17:15:21.360396", "description": "", "identifier": {"fields": ["entities"], "values": ["rabbitmq"]}, "informational": {"fields": [], "values": []}, "mod_by": "nobody", "mod_source": "REST", "mod_time": "2020-10-08 18:15:02.918934", "object_type": "entity", "services": [{"_key": "b9058511-2976-49bf-8708-b5e4b970c50b", "title": "test"}, {"_key": "4226b39f-6beb-4a8d-8625-c25761585b6c", "title": "rabbitmq"}], "title": "rabbitmq", "identifying_name": "rabbitmq", "entities": ["rabbitmq"], "mod_timestamp": "2020-10-08T18:15:06.770007+00:00", "_version": "4.4.5", "sec_grp": "default_itsi_security_group", "_itsi_identifier_lookups": ["entities=rabbitmq"], "permissions": {"user": "nobody", "group": {"read": true, "write": true, "delete": true}, "read": true, "write": true, "delete": true}, "_user": "nobody", "_key": "f594f164-7193-4925-932d-fe2aa1b81d6f"}, {"_type": "entity", "create_by": "jesus", "create_source": "unknown", "create_time": "2020-09-30 10:14:07.223228", "description": "", "identifier": {"fields": ["entities"], "values": ["shipping"]}, "informational": {"fields": [], "values": []}, "mod_by": "nobody", "mod_source": "REST", "mod_time": "2020-10-09 16:15:03.414969", "object_type": "entity", "services": [{"_key": "1d95866c-6b6d-457b-b596-09bf2e620136", "title": "shipping"}, {"_key": "b9058511-2976-49bf-8708-b5e4b970c50b", "title": "test"}], "title": "shipping", "identifying_name": "shipping", "entities": ["shipping"], "mod_timestamp": "2020-10-09T16:15:06.476089+00:00", "_version": "4.4.5", "sec_grp": "default_itsi_security_group", "_itsi_identifier_lookups": ["entities=shipping"], "permissions": {"user": "nobody", "group": {"read": true, "write": true, "delete": true}, "read": true, "write": true, "delete": true}, "_user": "nobody", "_key": "545b7be4-85bb-49a7-a290-988ea92e18a4"}, {"_type": "entity", "create_by": "jesus", "create_source": "unknown", "create_time": "2020-09-30 10:14:07.223319", "description": "", "identifier": {"fields": ["entities"], "values": ["sock-shop"]}, "informational": {"fields": [], "values": []}, "mod_by": "nobody", "mod_source": "REST", "mod_time": "2020-10-09 16:15:03.415017", "object_type": "entity", "services": [{"_key": "b9058511-2976-49bf-8708-b5e4b970c50b", "title": "test"}, {"_key": "dafd7f68-e469-4ff4-90a8-2ce590dbd242", "title": "sock-shop"}], "title": "sock-shop", "identifying_name": "sock-shop", "entities": ["sock-shop"], "mod_timestamp": "2020-10-09T16:15:06.476100+00:00", "_version": "4.4.5", "sec_grp": "default_itsi_security_group", "_itsi_identifier_lookups": ["entities=sock-shop"], "permissions": {"user": "nobody", "group": {"read": true, "write": true, "delete": true}, "read": true, "write": true, "delete": true}, "_user": "nobody", "_key": "0e8929b5-279c-4ed3-b750-ee3264046b52"}, {"_type": "entity", "create_by": "jesus", "create_source": "unknown", "create_time": "2020-09-30 10:14:07.223393", "description": "", "identifier": {"fields": ["entities"], "values": ["user"]}, "informational": {"fields": [], "values": []}, "mod_by": "nobody", "mod_source": "REST", "mod_time": "2020-10-09 16:15:03.415065", "object_type": "entity", "services": [{"_key": "752f6e99-2cab-4a43-a378-9f93d5944baf", "title": "user"}, {"_key": "b9058511-2976-49bf-8708-b5e4b970c50b", "title": "test"}], "title": "user", "identifying_name": "user", "entities": ["user"], "mod_timestamp": "2020-10-09T16:15:06.476112+00:00", "_version": "4.4.5", "sec_grp": "default_itsi_security_group", "_itsi_identifier_lookups": ["entities=user"], "permissions": {"user": "nobody", "group": {"read": true, "write": true, "delete": true}, "read": true, "write": true, "delete": true}, "_user": "nobody", "_key": "1ac1bfc6-5b8a-4e78-9d6e-dd6d746d5774"}, {"_type": "entity", "create_by": "jesus", "create_source": "unknown", "create_time": "2020-09-30 10:14:07.223457", "description": "", "identifier": {"fields": ["entities"], "values": ["user-db"]}, "informational": {"fields": [], "values": []}, "mod_by": "nobody", "mod_source": "REST", "mod_time": "2020-10-09 16:15:03.415111", "object_type": "entity", "services": [{"_key": "830eb220-1365-4ccc-a6b8-61e8b8b3c122", "title": "user-db"}, {"_key": "b9058511-2976-49bf-8708-b5e4b970c50b", "title": "test"}], "title": "user-db", "identifying_name": "user-db", "entities": ["user-db"], "mod_timestamp": "2020-10-09T16:15:06.476123+00:00", "_version": "4.4.5", "sec_grp": "default_itsi_security_group", "_itsi_identifier_lookups": ["entities=user-db"], "permissions": {"user": "nobody", "group": {"read": true, "write": true, "delete": true}, "read": true, "write": true, "delete": true}, "_user": "nobody", "_key": "a421132c-e244-43ae-8aaf-3b5a9af6c78f"}]