[{"title": "asdf", "description": "", "gt_version": "beta", "latest": "now", "acl": {"can_change_perms": true, "can_share_app": true, "can_share_global": true, "can_share_user": true, "can_write": true, "modifiable": true, "owner": "jesus", "perms": {"read": [], "write": []}, "sharing": "user"}, "definition": {"title": "asdf", "description": "", "layout": {"type": "absolute", "options": {"width": 1920, "height": 1080, "backgroundColor": "#FFFFFF"}, "globalInputs": ["globalTime"]}, "dataSources": {}, "visualizations": {}, "inputs": {"globalTime": {"options": {"defaultValue": "-60m, now", "token": "TimeRange"}, "type": "input.timerange"}}}, "mod_time": "2020-10-08 13:41:21", "_owner": "jesus", "mod_source": "REST", "object_type": "glass_table", "mod_timestamp": "2020-10-08T17:41:21.691415+00:00", "_version": "4.4.5", "identifying_name": "asdf", "_user": "nobody", "_key": "5f7f4f4174d1630f3a43c8cb"}, {"_owner": "nobody", "title": "template", "description": "", "mod_time": "2020-10-08 15:33:06", "acl": {"can_change_perms": true, "can_share_app": true, "can_share_global": true, "can_share_user": true, "can_write": true, "modifiable": true, "owner": "jesus", "perms": {"read": ["*"], "write": ["*"]}, "sharing": "app"}, "content": [{"id": "2f78dc1d-1302-988d-ffe2-a45d7fdb9a06", "name": "PolyImage", "statModel": null, "searchFigure": false, "labelFlag": true, "label": "", "labelFontColor": "#999999", "labelFontFamily": "Roboto, sans-serif", "labelFontSize": "12", "labelLocation": "bottom", "drilldownModel": {"useCustomDrilldown": false, "drilldownSettingsModel": {"customUrl": "", "params": {}, "objType": "default", "objPage": "search", "objId": "", "objOwner": "nobody"}}, "height": 1164, "width": 2100, "x": 255.99999999999864, "y": 58.99999999999932, "locked": true, "unit": "", "vizType": "single_value", "assetId": null, "parent": null, "isDeleted": false, "isSwappable": false, "isDeltaPercentage": true, "hasRoundMetric": true, "digitPrecision": 0, "bgColor": "#FFFFFF", "fileModel": {"_key": "5f7f6b8174d1630f3a43c8d1", "type": "image/png"}}, {"id": "5ab2ffbe-21d8-527a-fb09-7d36f0fc3fb8", "name": "Gauge", "statModel": {"searches": {"base": {"raw": "index=itsi_summary alert_severity=\"normal\" entity_title=\"*\" | stats latest(alert_severity)  as severity by  entity_title | stats count by severity| rename count AS aggregate | eval aggregate_target=case(aggregate>=8, \"critical~~~#B50101~~~6\", aggregate>=5, \"medium~~~#FCB64E~~~4\", aggregate>=0, \"normal~~~#99D18B~~~2\", isnum(aggregate), \"normal~~~#99D18B~~~2\", 1==1, \"unknown~~~#CCCCCC~~~-1\") | rex field=aggregate_target \"(?<aggregate_severity>.*)~~~(?<aggregate_color>.*)~~~(?<aggregate_level>.*)\"", "generated": "index=_internal | timechart count"}, "timeseries": {"raw": "index=itsi_summary alert_severity=\"normal\" entity_title=\"*\" | stats latest(alert_severity)  as severity by  entity_title | stats count by severity| rename count AS aggregate | eval aggregate_target=case(aggregate>=8, \"critical~~~#B50101~~~6\", aggregate>=5, \"medium~~~#FCB64E~~~4\", aggregate>=0, \"normal~~~#99D18B~~~2\", isnum(aggregate), \"normal~~~#99D18B~~~2\", 1==1, \"unknown~~~#CCCCCC~~~-1\") | rex field=aggregate_target \"(?<aggregate_severity>.*)~~~(?<aggregate_color>.*)~~~(?<aggregate_level>.*)\"", "generated": "index=_internal | timechart count"}, "timecompare": {"raw": "index=itsi_summary alert_severity=\"normal\" entity_title=\"*\" | stats latest(alert_severity)  as severity by  entity_title | stats count by severity | rename count AS aggregate| addinfo | eval mid_time= (info_max_time+ info_min_time)/2 | eval bucket=if(_time<mid_time,\"last_window\", \"current_window\") | stats latest(aggregate) as  aggregate BY bucket | reverse | delta aggregate AS window_delta | search bucket=current_window | eval window_direction=if(window_delta >0, \"increase\", if(window_delta < 0, \"decrease\", \"none\")) | eval aggregate_target=case(aggregate>=8, \"critical~~~#B50101~~~6\", aggregate>=5, \"medium~~~#FCB64E~~~4\", aggregate>=0, \"normal~~~#99D18B~~~2\", isnum(aggregate), \"normal~~~#99D18B~~~2\", 1==1, \"unknown~~~#CCCCCC~~~-1\") | rex field=aggregate_target \"(?<aggregate_severity>.*)~~~(?<aggregate_color>.*)~~~(?<aggregate_level>.*)\"", "generated": "index=_internal | timechart count"}}, "severityField": "aggregate_color", "thresholdLabel": "count", "useGenerated": false, "earliest": "-15m", "sparklineEarliest": -3600, "latest": "now", "thresholdMode": true, "thresholdSettingModel": {"thresholdLevels": [{"severityLabel": "normal", "severityColor": "#99D18B", "severityColorLight": "#DCEFD7", "severityValue": 2, "thresholdValue": "0", "dynamicParam": 0}, {"severityLabel": "medium", "severityColor": "#FCB64E", "severityColorLight": "#FEE6C1", "severityValue": 4, "thresholdValue": 5, "dynamicParam": 0}, {"severityLabel": "critical", "severityColor": "#B50101", "severityColorLight": "#E5A6A6", "severityValue": 6, "thresholdValue": 8, "dynamicParam": 0}], "baseSeverityLabel": "normal", "baseSeverityValue": 2, "baseSeverityColor": "#99D18B", "baseSeverityColorLight": "#DCEFD7", "metricField": "aggregate", "search": "", "renderBoundaryMin": 0, "renderBoundaryMax": 10, "isMaxStatic": false, "isMinStatic": true, "gaugeMin": 0, "gaugeMax": 10, "comparator": ">="}, "severityColor": "#3c3c3c", "severityLabel": "NA", "searchSource": "adhoc", "dataModel": {"datamodel": "AppServer", "owner_field": "Performance.application_instance", "object": "Performance", "field": "application_instance"}, "dataModelStatOp": "0", "whereClause": "", "assetId": null, "search": "index=itsi_summary alert_severity=\"normal\" entity_title=\"*\" | stats latest(alert_severity)  as severity by  entity_title | stats count by severity"}, "searchFigure": true, "labelFlag": true, "label": "", "labelFontColor": "#999999", "labelFontFamily": "Roboto, sans-serif", "labelFontSize": "12", "labelLocation": "bottom", "drilldownModel": {"useCustomDrilldown": false, "drilldownSettingsModel": {"customUrl": "", "params": {}, "objType": "default", "objPage": "search", "objId": "", "objOwner": "nobody"}}, "height": 125, "width": 125, "x": 1143.9999999999998, "y": 629, "locked": false, "unit": "", "vizType": "gauge", "assetId": null, "parent": null, "isDeleted": false, "isSwappable": false, "isDeltaPercentage": true, "hasRoundMetric": true, "digitPrecision": 0}, {"id": "9385a9a6-dd5e-a1ab-37bb-4a81e850399d", "name": "Gauge", "statModel": {"searches": {"base": {"raw": "index=itsi_summary alert_severity=\"normal\" entity_title=\"*\" | stats latest(alert_severity)  as severity by  entity_title | stats count by severity| rename count AS aggregate | eval aggregate_target=case(aggregate>=8, \"critical~~~#B50101~~~6\", aggregate>=5, \"medium~~~#FCB64E~~~4\", aggregate>=0, \"normal~~~#99D18B~~~2\", isnum(aggregate), \"normal~~~#99D18B~~~2\", 1==1, \"unknown~~~#CCCCCC~~~-1\") | rex field=aggregate_target \"(?<aggregate_severity>.*)~~~(?<aggregate_color>.*)~~~(?<aggregate_level>.*)\"", "generated": "index=_internal | timechart count"}, "timeseries": {"raw": "index=itsi_summary alert_severity=\"normal\" entity_title=\"*\" | stats latest(alert_severity)  as severity by  entity_title | stats count by severity| rename count AS aggregate | eval aggregate_target=case(aggregate>=8, \"critical~~~#B50101~~~6\", aggregate>=5, \"medium~~~#FCB64E~~~4\", aggregate>=0, \"normal~~~#99D18B~~~2\", isnum(aggregate), \"normal~~~#99D18B~~~2\", 1==1, \"unknown~~~#CCCCCC~~~-1\") | rex field=aggregate_target \"(?<aggregate_severity>.*)~~~(?<aggregate_color>.*)~~~(?<aggregate_level>.*)\"", "generated": "index=_internal | timechart count"}, "timecompare": {"raw": "index=itsi_summary alert_severity=\"normal\" entity_title=\"*\" | stats latest(alert_severity)  as severity by  entity_title | stats count by severity | rename count AS aggregate| addinfo | eval mid_time= (info_max_time+ info_min_time)/2 | eval bucket=if(_time<mid_time,\"last_window\", \"current_window\") | stats latest(aggregate) as  aggregate BY bucket | reverse | delta aggregate AS window_delta | search bucket=current_window | eval window_direction=if(window_delta >0, \"increase\", if(window_delta < 0, \"decrease\", \"none\")) | eval aggregate_target=case(aggregate>=8, \"critical~~~#B50101~~~6\", aggregate>=5, \"medium~~~#FCB64E~~~4\", aggregate>=0, \"normal~~~#99D18B~~~2\", isnum(aggregate), \"normal~~~#99D18B~~~2\", 1==1, \"unknown~~~#CCCCCC~~~-1\") | rex field=aggregate_target \"(?<aggregate_severity>.*)~~~(?<aggregate_color>.*)~~~(?<aggregate_level>.*)\"", "generated": "index=_internal | timechart count"}}, "severityField": "aggregate_color", "thresholdLabel": "count", "useGenerated": false, "earliest": "-15m", "sparklineEarliest": -3600, "latest": "now", "thresholdMode": true, "thresholdSettingModel": {"thresholdLevels": [{"severityLabel": "normal", "severityColor": "#99D18B", "severityColorLight": "#DCEFD7", "severityValue": 2, "thresholdValue": "0", "dynamicParam": 0}, {"severityLabel": "medium", "severityColor": "#FCB64E", "severityColorLight": "#FEE6C1", "severityValue": 4, "thresholdValue": 5, "dynamicParam": 0}, {"severityLabel": "critical", "severityColor": "#B50101", "severityColorLight": "#E5A6A6", "severityValue": 6, "thresholdValue": 8, "dynamicParam": 0}], "baseSeverityLabel": "normal", "baseSeverityValue": 2, "baseSeverityColor": "#99D18B", "baseSeverityColorLight": "#DCEFD7", "metricField": "aggregate", "search": "", "renderBoundaryMin": 0, "renderBoundaryMax": 10, "isMaxStatic": false, "isMinStatic": true, "gaugeMin": 0, "gaugeMax": 10, "comparator": ">="}, "severityColor": "#3c3c3c", "severityLabel": "NA", "searchSource": "adhoc", "dataModel": {"datamodel": "AppServer", "owner_field": "Performance.application_instance", "object": "Performance", "field": "application_instance"}, "dataModelStatOp": "0", "whereClause": "", "assetId": null, "search": "index=itsi_summary alert_severity=\"normal\" entity_title=\"*\" | stats latest(alert_severity)  as severity by  entity_title | stats count by severity"}, "searchFigure": true, "labelFlag": true, "label": "", "labelFontColor": "#999999", "labelFontFamily": "Roboto, sans-serif", "labelFontSize": "12", "labelLocation": "bottom", "drilldownModel": {"useCustomDrilldown": false, "drilldownSettingsModel": {"customUrl": "", "params": {}, "objType": "default", "objPage": "search", "objId": "", "objOwner": "nobody"}}, "height": 125, "width": 125, "x": 1396, "y": 629, "locked": false, "unit": "", "vizType": "gauge", "assetId": null, "parent": null, "isDeleted": false, "isSwappable": false, "isDeltaPercentage": true, "hasRoundMetric": true, "digitPrecision": 0}, {"id": "ae0db7b4-bb1e-6c02-edea-6df1a949a627", "name": "Gauge", "statModel": {"searches": {"base": {"raw": "index=itsi_summary alert_severity=\"normal\" entity_title=\"*\" | stats latest(alert_severity)  as severity by  entity_title | stats count by severity| rename count AS aggregate | eval aggregate_target=case(isnum(aggregate), \"low~~~#FFE98C~~~3\", 1==1, \"unknown~~~#CCCCCC~~~-1\") | rex field=aggregate_target \"(?<aggregate_severity>.*)~~~(?<aggregate_color>.*)~~~(?<aggregate_level>.*)\"", "generated": "index=_internal | timechart count"}, "timeseries": {"raw": "index=itsi_summary alert_severity=\"normal\" entity_title=\"*\" | stats latest(alert_severity)  as severity by  entity_title | stats count by severity| rename count AS aggregate | eval aggregate_target=case(isnum(aggregate), \"low~~~#FFE98C~~~3\", 1==1, \"unknown~~~#CCCCCC~~~-1\") | rex field=aggregate_target \"(?<aggregate_severity>.*)~~~(?<aggregate_color>.*)~~~(?<aggregate_level>.*)\"", "generated": "index=_internal | timechart count"}, "timecompare": {"raw": "index=itsi_summary alert_severity=\"normal\" entity_title=\"*\" | stats latest(alert_severity)  as severity by  entity_title | stats count by severity | rename count AS aggregate| addinfo | eval mid_time= (info_max_time+ info_min_time)/2 | eval bucket=if(_time<mid_time,\"last_window\", \"current_window\") | stats latest(aggregate) as  aggregate BY bucket | reverse | delta aggregate AS window_delta | search bucket=current_window | eval window_direction=if(window_delta >0, \"increase\", if(window_delta < 0, \"decrease\", \"none\")) | eval aggregate_target=case(isnum(aggregate), \"low~~~#FFE98C~~~3\", 1==1, \"unknown~~~#CCCCCC~~~-1\") | rex field=aggregate_target \"(?<aggregate_severity>.*)~~~(?<aggregate_color>.*)~~~(?<aggregate_level>.*)\"", "generated": "index=_internal | timechart count"}}, "severityField": "aggregate_color", "thresholdLabel": "count", "useGenerated": false, "earliest": "-15m", "sparklineEarliest": -3600, "latest": "now", "thresholdMode": true, "thresholdSettingModel": {"thresholdLevels": [], "baseSeverityLabel": "low", "baseSeverityValue": 3, "baseSeverityColor": "#FFE98C", "baseSeverityColorLight": "#FFF4C5", "metricField": "aggregate", "search": "", "renderBoundaryMin": 0, "renderBoundaryMax": 10, "isMaxStatic": false, "isMinStatic": true, "gaugeMin": 0, "gaugeMax": 10, "comparator": ">="}, "severityColor": "#3c3c3c", "severityLabel": "NA", "searchSource": "adhoc", "dataModel": {"datamodel": "AppServer", "owner_field": "Performance.application_instance", "object": "Performance", "field": "application_instance"}, "dataModelStatOp": "0", "whereClause": "", "assetId": null, "search": "index=itsi_summary alert_severity=\"normal\" entity_title=\"*\" | stats latest(alert_severity)  as severity by  entity_title | stats count by severity"}, "searchFigure": true, "labelFlag": true, "label": "", "labelFontColor": "#999999", "labelFontFamily": "Roboto, sans-serif", "labelFontSize": "12", "labelLocation": "bottom", "drilldownModel": {"useCustomDrilldown": false, "drilldownSettingsModel": {"customUrl": "", "params": {}, "objType": "default", "objPage": "search", "objId": "", "objOwner": "nobody"}}, "height": 125, "width": 125, "x": 1626.0000000000005, "y": 629, "locked": false, "unit": "", "vizType": "gauge", "assetId": null, "parent": null, "isSwappable": false, "isDeltaPercentage": true, "hasRoundMetric": true, "digitPrecision": 0}, {"id": "a9b78f7b-0075-9580-9780-b8c395fa756e", "name": "Gauge", "statModel": {"searches": {"base": {"raw": "index=itsi_summary alert_severity=\"normal\" entity_title=\"*\" | stats latest(alert_severity)  as severity by  entity_title | stats count by severity| rename count AS aggregate | eval aggregate_target=case(isnum(aggregate), \"normal~~~#99D18B~~~2\", 1==1, \"unknown~~~#CCCCCC~~~-1\") | rex field=aggregate_target \"(?<aggregate_severity>.*)~~~(?<aggregate_color>.*)~~~(?<aggregate_level>.*)\"", "generated": "index=_internal | timechart count"}, "timeseries": {"raw": "index=itsi_summary alert_severity=\"normal\" entity_title=\"*\" | stats latest(alert_severity)  as severity by  entity_title | stats count by severity| rename count AS aggregate | eval aggregate_target=case(isnum(aggregate), \"normal~~~#99D18B~~~2\", 1==1, \"unknown~~~#CCCCCC~~~-1\") | rex field=aggregate_target \"(?<aggregate_severity>.*)~~~(?<aggregate_color>.*)~~~(?<aggregate_level>.*)\"", "generated": "index=_internal | timechart count"}, "timecompare": {"raw": "index=itsi_summary alert_severity=\"normal\" entity_title=\"*\" | stats latest(alert_severity)  as severity by  entity_title | stats count by severity | rename count AS aggregate| addinfo | eval mid_time= (info_max_time+ info_min_time)/2 | eval bucket=if(_time<mid_time,\"last_window\", \"current_window\") | stats latest(aggregate) as  aggregate BY bucket | reverse | delta aggregate AS window_delta | search bucket=current_window | eval window_direction=if(window_delta >0, \"increase\", if(window_delta < 0, \"decrease\", \"none\")) | eval aggregate_target=case(isnum(aggregate), \"normal~~~#99D18B~~~2\", 1==1, \"unknown~~~#CCCCCC~~~-1\") | rex field=aggregate_target \"(?<aggregate_severity>.*)~~~(?<aggregate_color>.*)~~~(?<aggregate_level>.*)\"", "generated": "index=_internal | timechart count"}}, "severityField": "aggregate_color", "thresholdLabel": "count", "useGenerated": false, "earliest": "-15m", "sparklineEarliest": -3600, "latest": "now", "thresholdMode": true, "thresholdSettingModel": {"thresholdLevels": [], "baseSeverityLabel": "normal", "baseSeverityValue": 2, "baseSeverityColor": "#99D18B", "baseSeverityColorLight": "#DCEFD7", "metricField": "aggregate", "search": "", "renderBoundaryMin": 0, "renderBoundaryMax": 10, "isMaxStatic": false, "isMinStatic": true, "gaugeMin": 0, "gaugeMax": 10, "comparator": ">="}, "severityColor": "#3c3c3c", "severityLabel": "NA", "searchSource": "adhoc", "dataModel": {"datamodel": "AppServer", "owner_field": "Performance.application_instance", "object": "Performance", "field": "application_instance"}, "dataModelStatOp": "0", "whereClause": "", "assetId": null, "search": "index=itsi_summary alert_severity=\"normal\" entity_title=\"*\" | stats latest(alert_severity)  as severity by  entity_title | stats count by severity"}, "searchFigure": true, "labelFlag": true, "label": "", "labelFontColor": "#999999", "labelFontFamily": "Roboto, sans-serif", "labelFontSize": "12", "labelLocation": "bottom", "drilldownModel": {"useCustomDrilldown": false, "drilldownSettingsModel": {"customUrl": "", "params": {}, "objType": "default", "objPage": "search", "objId": "", "objOwner": "nobody"}}, "height": 125, "width": 125, "x": 1898.0000000000007, "y": 633, "locked": false, "unit": "", "vizType": "gauge", "assetId": null, "parent": null, "isSwappable": false, "isDeltaPercentage": true, "hasRoundMetric": true, "digitPrecision": 0}, {"id": "3b64d7da-dc5d-d890-2fd7-aaae5ac6272f", "name": "Gauge", "statModel": {"searches": {"base": {"raw": "index=itsi_summary alert_severity=\"normal\" entity_title=\"*\" | stats latest(alert_severity)  as severity by  entity_title | stats count by severity| rename count AS aggregate | eval aggregate_target=case(aggregate>=8, \"critical~~~#B50101~~~6\", aggregate>=5, \"medium~~~#FCB64E~~~4\", aggregate>=0, \"normal~~~#99D18B~~~2\", isnum(aggregate), \"normal~~~#99D18B~~~2\", 1==1, \"unknown~~~#CCCCCC~~~-1\") | rex field=aggregate_target \"(?<aggregate_severity>.*)~~~(?<aggregate_color>.*)~~~(?<aggregate_level>.*)\"", "generated": "index=_internal | timechart count"}, "timeseries": {"raw": "index=itsi_summary alert_severity=\"normal\" entity_title=\"*\" | stats latest(alert_severity)  as severity by  entity_title | stats count by severity| rename count AS aggregate | eval aggregate_target=case(aggregate>=8, \"critical~~~#B50101~~~6\", aggregate>=5, \"medium~~~#FCB64E~~~4\", aggregate>=0, \"normal~~~#99D18B~~~2\", isnum(aggregate), \"normal~~~#99D18B~~~2\", 1==1, \"unknown~~~#CCCCCC~~~-1\") | rex field=aggregate_target \"(?<aggregate_severity>.*)~~~(?<aggregate_color>.*)~~~(?<aggregate_level>.*)\"", "generated": "index=_internal | timechart count"}, "timecompare": {"raw": "index=itsi_summary alert_severity=\"normal\" entity_title=\"*\" | stats latest(alert_severity)  as severity by  entity_title | stats count by severity | rename count AS aggregate| addinfo | eval mid_time= (info_max_time+ info_min_time)/2 | eval bucket=if(_time<mid_time,\"last_window\", \"current_window\") | stats latest(aggregate) as  aggregate BY bucket | reverse | delta aggregate AS window_delta | search bucket=current_window | eval window_direction=if(window_delta >0, \"increase\", if(window_delta < 0, \"decrease\", \"none\")) | eval aggregate_target=case(aggregate>=8, \"critical~~~#B50101~~~6\", aggregate>=5, \"medium~~~#FCB64E~~~4\", aggregate>=0, \"normal~~~#99D18B~~~2\", isnum(aggregate), \"normal~~~#99D18B~~~2\", 1==1, \"unknown~~~#CCCCCC~~~-1\") | rex field=aggregate_target \"(?<aggregate_severity>.*)~~~(?<aggregate_color>.*)~~~(?<aggregate_level>.*)\"", "generated": "index=_internal | timechart count"}}, "severityField": "aggregate_color", "thresholdLabel": "count", "useGenerated": false, "earliest": "-15m", "sparklineEarliest": -3600, "latest": "now", "thresholdMode": true, "thresholdSettingModel": {"thresholdLevels": [{"severityLabel": "normal", "severityColor": "#99D18B", "severityColorLight": "#DCEFD7", "severityValue": 2, "thresholdValue": "0", "dynamicParam": 0}, {"severityLabel": "medium", "severityColor": "#FCB64E", "severityColorLight": "#FEE6C1", "severityValue": 4, "thresholdValue": 5, "dynamicParam": 0}, {"severityLabel": "critical", "severityColor": "#B50101", "severityColorLight": "#E5A6A6", "severityValue": 6, "thresholdValue": 8, "dynamicParam": 0}], "baseSeverityLabel": "normal", "baseSeverityValue": 2, "baseSeverityColor": "#99D18B", "baseSeverityColorLight": "#DCEFD7", "metricField": "aggregate", "search": "", "renderBoundaryMin": 0, "renderBoundaryMax": 10, "isMaxStatic": false, "isMinStatic": true, "gaugeMin": 0, "gaugeMax": 10, "comparator": ">="}, "severityColor": "#3c3c3c", "severityLabel": "NA", "searchSource": "adhoc", "dataModel": {"datamodel": "AppServer", "owner_field": "Performance.application_instance", "object": "Performance", "field": "application_instance"}, "dataModelStatOp": "0", "whereClause": "", "assetId": null, "search": "index=itsi_summary alert_severity=\"normal\" entity_title=\"*\" | stats latest(alert_severity)  as severity by  entity_title | stats count by severity"}, "searchFigure": true, "labelFlag": true, "label": "", "labelFontColor": "#999999", "labelFontFamily": "Roboto, sans-serif", "labelFontSize": "12", "labelLocation": "bottom", "drilldownModel": {"useCustomDrilldown": false, "drilldownSettingsModel": {"customUrl": "", "params": {}, "objType": "default", "objPage": "search", "objId": "", "objOwner": "nobody"}}, "height": 125, "width": 125, "x": 919.9999999999995, "y": 637.0000000000001, "locked": false, "unit": "", "vizType": "gauge", "assetId": null, "parent": null, "isDeleted": false, "isSwappable": false, "isDeltaPercentage": true, "hasRoundMetric": true, "digitPrecision": 0}, {"id": "0328dd90-d179-241e-724d-4d6a2c761c06", "name": "Gauge", "statModel": {"searches": {"base": {"raw": "index=itsi_summary alert_severity=\"normal\" entity_title=\"*\" | stats latest(alert_severity)  as severity by  entity_title | stats count by severity| rename count AS aggregate | eval aggregate_target=case(aggregate>=8, \"critical~~~#B50101~~~6\", aggregate>=5, \"medium~~~#FCB64E~~~4\", aggregate>=0, \"normal~~~#99D18B~~~2\", isnum(aggregate), \"normal~~~#99D18B~~~2\", 1==1, \"unknown~~~#CCCCCC~~~-1\") | rex field=aggregate_target \"(?<aggregate_severity>.*)~~~(?<aggregate_color>.*)~~~(?<aggregate_level>.*)\"", "generated": "index=_internal | timechart count"}, "timeseries": {"raw": "index=itsi_summary alert_severity=\"normal\" entity_title=\"*\" | stats latest(alert_severity)  as severity by  entity_title | stats count by severity| rename count AS aggregate | eval aggregate_target=case(aggregate>=8, \"critical~~~#B50101~~~6\", aggregate>=5, \"medium~~~#FCB64E~~~4\", aggregate>=0, \"normal~~~#99D18B~~~2\", isnum(aggregate), \"normal~~~#99D18B~~~2\", 1==1, \"unknown~~~#CCCCCC~~~-1\") | rex field=aggregate_target \"(?<aggregate_severity>.*)~~~(?<aggregate_color>.*)~~~(?<aggregate_level>.*)\"", "generated": "index=_internal | timechart count"}, "timecompare": {"raw": "index=itsi_summary alert_severity=\"normal\" entity_title=\"*\" | stats latest(alert_severity)  as severity by  entity_title | stats count by severity | rename count AS aggregate| addinfo | eval mid_time= (info_max_time+ info_min_time)/2 | eval bucket=if(_time<mid_time,\"last_window\", \"current_window\") | stats latest(aggregate) as  aggregate BY bucket | reverse | delta aggregate AS window_delta | search bucket=current_window | eval window_direction=if(window_delta >0, \"increase\", if(window_delta < 0, \"decrease\", \"none\")) | eval aggregate_target=case(aggregate>=8, \"critical~~~#B50101~~~6\", aggregate>=5, \"medium~~~#FCB64E~~~4\", aggregate>=0, \"normal~~~#99D18B~~~2\", isnum(aggregate), \"normal~~~#99D18B~~~2\", 1==1, \"unknown~~~#CCCCCC~~~-1\") | rex field=aggregate_target \"(?<aggregate_severity>.*)~~~(?<aggregate_color>.*)~~~(?<aggregate_level>.*)\"", "generated": "index=_internal | timechart count"}}, "severityField": "aggregate_color", "thresholdLabel": "count", "useGenerated": false, "earliest": "-15m", "sparklineEarliest": -3600, "latest": "now", "thresholdMode": true, "thresholdSettingModel": {"thresholdLevels": [{"severityLabel": "normal", "severityColor": "#99D18B", "severityColorLight": "#DCEFD7", "severityValue": 2, "thresholdValue": "0", "dynamicParam": 0}, {"severityLabel": "medium", "severityColor": "#FCB64E", "severityColorLight": "#FEE6C1", "severityValue": 4, "thresholdValue": 5, "dynamicParam": 0}, {"severityLabel": "critical", "severityColor": "#B50101", "severityColorLight": "#E5A6A6", "severityValue": 6, "thresholdValue": 8, "dynamicParam": 0}], "baseSeverityLabel": "normal", "baseSeverityValue": 2, "baseSeverityColor": "#99D18B", "baseSeverityColorLight": "#DCEFD7", "metricField": "aggregate", "search": "", "renderBoundaryMin": 0, "renderBoundaryMax": 10, "isMaxStatic": false, "isMinStatic": true, "gaugeMin": 0, "gaugeMax": 10, "comparator": ">="}, "severityColor": "#3c3c3c", "severityLabel": "NA", "searchSource": "adhoc", "dataModel": {"datamodel": "AppServer", "owner_field": "Performance.application_instance", "object": "Performance", "field": "application_instance"}, "dataModelStatOp": "0", "whereClause": "", "assetId": null, "search": "index=itsi_summary alert_severity=\"normal\" entity_title=\"*\" | stats latest(alert_severity)  as severity by  entity_title | stats count by severity"}, "searchFigure": true, "labelFlag": true, "label": "", "labelFontColor": "#999999", "labelFontFamily": "Roboto, sans-serif", "labelFontSize": "12", "labelLocation": "bottom", "drilldownModel": {"useCustomDrilldown": false, "drilldownSettingsModel": {"customUrl": "", "params": {}, "objType": "default", "objPage": "search", "objId": "", "objOwner": "nobody"}}, "height": 125, "width": 125, "x": 925.9999999999995, "y": 829.0000000000003, "locked": false, "unit": "", "vizType": "gauge", "assetId": null, "parent": null, "isDeleted": false, "isSwappable": false, "isDeltaPercentage": true, "hasRoundMetric": true, "digitPrecision": 0}, {"id": "5a86bc9b-cac3-1450-c8f3-b7c1521a8a9f", "name": "Gauge", "statModel": {"searches": {"base": {"raw": "index=itsi_summary alert_severity=\"normal\" entity_title=\"*\" | stats latest(alert_severity)  as severity by  entity_title | stats count by severity| rename count AS aggregate | eval aggregate_target=case(aggregate>=8, \"critical~~~#B50101~~~6\", aggregate>=5, \"medium~~~#FCB64E~~~4\", aggregate>=0, \"normal~~~#99D18B~~~2\", isnum(aggregate), \"normal~~~#99D18B~~~2\", 1==1, \"unknown~~~#CCCCCC~~~-1\") | rex field=aggregate_target \"(?<aggregate_severity>.*)~~~(?<aggregate_color>.*)~~~(?<aggregate_level>.*)\"", "generated": "index=_internal | timechart count"}, "timeseries": {"raw": "index=itsi_summary alert_severity=\"normal\" entity_title=\"*\" | stats latest(alert_severity)  as severity by  entity_title | stats count by severity| rename count AS aggregate | eval aggregate_target=case(aggregate>=8, \"critical~~~#B50101~~~6\", aggregate>=5, \"medium~~~#FCB64E~~~4\", aggregate>=0, \"normal~~~#99D18B~~~2\", isnum(aggregate), \"normal~~~#99D18B~~~2\", 1==1, \"unknown~~~#CCCCCC~~~-1\") | rex field=aggregate_target \"(?<aggregate_severity>.*)~~~(?<aggregate_color>.*)~~~(?<aggregate_level>.*)\"", "generated": "index=_internal | timechart count"}, "timecompare": {"raw": "index=itsi_summary alert_severity=\"normal\" entity_title=\"*\" | stats latest(alert_severity)  as severity by  entity_title | stats count by severity | rename count AS aggregate| addinfo | eval mid_time= (info_max_time+ info_min_time)/2 | eval bucket=if(_time<mid_time,\"last_window\", \"current_window\") | stats latest(aggregate) as  aggregate BY bucket | reverse | delta aggregate AS window_delta | search bucket=current_window | eval window_direction=if(window_delta >0, \"increase\", if(window_delta < 0, \"decrease\", \"none\")) | eval aggregate_target=case(aggregate>=8, \"critical~~~#B50101~~~6\", aggregate>=5, \"medium~~~#FCB64E~~~4\", aggregate>=0, \"normal~~~#99D18B~~~2\", isnum(aggregate), \"normal~~~#99D18B~~~2\", 1==1, \"unknown~~~#CCCCCC~~~-1\") | rex field=aggregate_target \"(?<aggregate_severity>.*)~~~(?<aggregate_color>.*)~~~(?<aggregate_level>.*)\"", "generated": "index=_internal | timechart count"}}, "severityField": "aggregate_color", "thresholdLabel": "count", "useGenerated": false, "earliest": "-15m", "sparklineEarliest": -3600, "latest": "now", "thresholdMode": true, "thresholdSettingModel": {"thresholdLevels": [{"severityLabel": "normal", "severityColor": "#99D18B", "severityColorLight": "#DCEFD7", "severityValue": 2, "thresholdValue": "0", "dynamicParam": 0}, {"severityLabel": "medium", "severityColor": "#FCB64E", "severityColorLight": "#FEE6C1", "severityValue": 4, "thresholdValue": 5, "dynamicParam": 0}, {"severityLabel": "critical", "severityColor": "#B50101", "severityColorLight": "#E5A6A6", "severityValue": 6, "thresholdValue": 8, "dynamicParam": 0}], "baseSeverityLabel": "normal", "baseSeverityValue": 2, "baseSeverityColor": "#99D18B", "baseSeverityColorLight": "#DCEFD7", "metricField": "aggregate", "search": "", "renderBoundaryMin": 0, "renderBoundaryMax": 10, "isMaxStatic": false, "isMinStatic": true, "gaugeMin": 0, "gaugeMax": 10, "comparator": ">="}, "severityColor": "#3c3c3c", "severityLabel": "NA", "searchSource": "adhoc", "dataModel": {"datamodel": "AppServer", "owner_field": "Performance.application_instance", "object": "Performance", "field": "application_instance"}, "dataModelStatOp": "0", "whereClause": "", "assetId": null, "search": "index=itsi_summary alert_severity=\"normal\" entity_title=\"*\" | stats latest(alert_severity)  as severity by  entity_title | stats count by severity"}, "searchFigure": true, "labelFlag": true, "label": "", "labelFontColor": "#999999", "labelFontFamily": "Roboto, sans-serif", "labelFontSize": "12", "labelLocation": "bottom", "drilldownModel": {"useCustomDrilldown": false, "drilldownSettingsModel": {"customUrl": "", "params": {}, "objType": "default", "objPage": "search", "objId": "", "objOwner": "nobody"}}, "height": 125, "width": 125, "x": 1149.9999999999998, "y": 829.0000000000003, "locked": false, "unit": "", "vizType": "gauge", "assetId": null, "parent": null, "isDeleted": false, "isSwappable": false, "isDeltaPercentage": true, "hasRoundMetric": true, "digitPrecision": 0}, {"id": "abd4c934-7097-980a-2bfa-b8cbd02fce4f", "name": "SingleValueDelta", "statModel": {"searches": {"base": {"raw": "`get_full_itsi_summary_kpi(SHKPI-00cc135f-48a6-4916-8eb2-d0a4292974d3)` `service_level_kpi_only` | head 1 | table alert_value, alert_severity, alert_color | rename alert_value AS aggregate, alert_severity AS aggregate_severity, alert_color AS aggregate_color", "generated": "`get_full_itsi_summary_kpi(SHKPI-00cc135f-48a6-4916-8eb2-d0a4292974d3)` `service_level_kpi_only` | head 1 | table alert_value, alert_severity, alert_color | rename alert_value AS aggregate, alert_severity AS aggregate_severity, alert_color AS aggregate_color"}, "timeseries": {"raw": "`get_full_itsi_summary_kpi(SHKPI-00cc135f-48a6-4916-8eb2-d0a4292974d3)` `service_level_kpi_only` | timechart latest(alert_value) AS aggregate, latest(alert_severity) AS aggregate_severity, latest(alert_color) AS aggregate_color", "generated": "`get_full_itsi_summary_kpi(SHKPI-00cc135f-48a6-4916-8eb2-d0a4292974d3)` `service_level_kpi_only` | timechart latest(alert_value) AS aggregate, latest(alert_severity) AS aggregate_severity, latest(alert_color) AS aggregate_color"}, "timecompare": {"raw": "`get_full_itsi_summary_kpi(SHKPI-00cc135f-48a6-4916-8eb2-d0a4292974d3)` `service_level_kpi_only` | addinfo | eval mid_time = (info_max_time + info_min_time) / 2 | eval bucket=if(_time < mid_time, \"last_window\", \"current_window\") | stats latest(alert_value) AS aggregate, latest(alert_severity) AS aggregate_severity, latest(alert_color) AS aggregate_color BY bucket | reverse | delta aggregate AS window_delta | search bucket=current_window | eval window_direction=if(window_delta > 0, \"increase\", if(window_delta < 0, \"decrease\", \"none\"))", "generated": "`get_full_itsi_summary_kpi(SHKPI-00cc135f-48a6-4916-8eb2-d0a4292974d3)` `service_level_kpi_only` | addinfo | eval mid_time = (info_max_time + info_min_time) / 2 | eval bucket=if(_time < mid_time, \"last_window\", \"current_window\") | stats latest(alert_value) AS aggregate, latest(alert_severity) AS aggregate_severity, latest(alert_color) AS aggregate_color BY bucket | reverse | delta aggregate AS window_delta | search bucket=current_window | eval window_direction=if(window_delta > 0, \"increase\", if(window_delta < 0, \"decrease\", \"none\"))"}}, "severityField": "aggregate_color", "thresholdLabel": "count", "earliest": "-60m", "thresholdMode": true, "useGenerated": true, "assetId": "SHKPI-00cc135f-48a6-4916-8eb2-d0a4292974d3", "search": "`get_full_itsi_summary_kpi(SHKPI-00cc135f-48a6-4916-8eb2-d0a4292974d3)` `service_level_kpi_only` | head 1 | table alert_value, alert_severity, alert_color | rename alert_value AS aggregate, alert_severity AS aggregate_severity, alert_color AS aggregate_color", "metricField": "aggregate", "thresholdSettingModel": {"thresholdLevels": [{"thresholdValue": 0, "severityLabel": "critical", "severityValue": 6, "severityColor": "#B50101", "severityColorLight": "#E5A6A6", "dynamicParam": 0}, {"thresholdValue": 20, "severityLabel": "high", "severityValue": 5, "severityColor": "#F26A35", "severityColorLight": "#FBCBB9", "dynamicParam": 0}, {"thresholdValue": 40, "severityLabel": "medium", "severityValue": 4, "severityColor": "#FCB64E", "severityColorLight": "#FEE6C1", "dynamicParam": 0}, {"thresholdValue": 60, "severityLabel": "low", "severityValue": 3, "severityColor": "#FFE98C", "severityColorLight": "#FFF4C5", "dynamicParam": 0}, {"thresholdValue": 80, "severityLabel": "normal", "severityValue": 2, "severityColor": "#99D18B", "severityColorLight": "#DCEFD7", "dynamicParam": 0}], "gaugeMax": 100, "isMaxStatic": false, "baseSeverityLabel": "normal", "metricField": "aggregate", "search": "", "renderBoundaryMin": 0, "baseSeverityValue": 2, "baseSeverityColor": "#99D18B", "gaugeMin": 0, "isMinStatic": true, "baseSeverityColorLight": "#DCEFD7", "renderBoundaryMax": 100, "comparator": ">="}, "sparklineEarliest": -3600, "latest": "now", "severityColor": "#3c3c3c", "severityLabel": "NA", "searchSource": "adhoc", "dataModel": {"datamodel": "AppServer", "owner_field": "Performance.application_instance", "object": "Performance", "field": "application_instance"}, "dataModelStatOp": "0", "whereClause": ""}, "searchFigure": true, "labelFlag": true, "label": "Customers-accounts", "labelFontColor": "#999999", "labelFontFamily": "Roboto, sans-serif", "labelFontSize": "35", "labelLocation": "bottom", "drilldownModel": {"useCustomDrilldown": false, "drilldownSettingsModel": {"customUrl": "", "params": {}, "objType": "default", "objPage": "search", "objId": "", "objOwner": "nobody"}}, "height": 80, "width": 302, "x": 447.99999999999886, "y": 884.0000000000002, "locked": false, "unit": "", "vizType": "svd", "assetId": "SHKPI-00cc135f-48a6-4916-8eb2-d0a4292974d3", "parent": "00cc135f-48a6-4916-8eb2-d0a4292974d3", "isSwappable": false, "isDeltaPercentage": true, "hasRoundMetric": true, "digitPrecision": 0}, {"id": "0c7aa233-c1e2-998c-a4f8-594bdcd3dab1", "name": "Gauge", "statModel": {"searches": {"base": {"raw": "index=itsi_summary alert_severity=\"normal\" entity_title=\"*\" | stats latest(alert_severity)  as severity by  entity_title | stats count by severity| rename count AS aggregate | eval aggregate_target=case(aggregate>=8, \"critical~~~#B50101~~~6\", aggregate>=5, \"medium~~~#FCB64E~~~4\", aggregate>=0, \"normal~~~#99D18B~~~2\", isnum(aggregate), \"normal~~~#99D18B~~~2\", 1==1, \"unknown~~~#CCCCCC~~~-1\") | rex field=aggregate_target \"(?<aggregate_severity>.*)~~~(?<aggregate_color>.*)~~~(?<aggregate_level>.*)\"", "generated": "index=_internal | timechart count"}, "timeseries": {"raw": "index=itsi_summary alert_severity=\"normal\" entity_title=\"*\" | stats latest(alert_severity)  as severity by  entity_title | stats count by severity| rename count AS aggregate | eval aggregate_target=case(aggregate>=8, \"critical~~~#B50101~~~6\", aggregate>=5, \"medium~~~#FCB64E~~~4\", aggregate>=0, \"normal~~~#99D18B~~~2\", isnum(aggregate), \"normal~~~#99D18B~~~2\", 1==1, \"unknown~~~#CCCCCC~~~-1\") | rex field=aggregate_target \"(?<aggregate_severity>.*)~~~(?<aggregate_color>.*)~~~(?<aggregate_level>.*)\"", "generated": "index=_internal | timechart count"}, "timecompare": {"raw": "index=itsi_summary alert_severity=\"normal\" entity_title=\"*\" | stats latest(alert_severity)  as severity by  entity_title | stats count by severity | rename count AS aggregate| addinfo | eval mid_time= (info_max_time+ info_min_time)/2 | eval bucket=if(_time<mid_time,\"last_window\", \"current_window\") | stats latest(aggregate) as  aggregate BY bucket | reverse | delta aggregate AS window_delta | search bucket=current_window | eval window_direction=if(window_delta >0, \"increase\", if(window_delta < 0, \"decrease\", \"none\")) | eval aggregate_target=case(aggregate>=8, \"critical~~~#B50101~~~6\", aggregate>=5, \"medium~~~#FCB64E~~~4\", aggregate>=0, \"normal~~~#99D18B~~~2\", isnum(aggregate), \"normal~~~#99D18B~~~2\", 1==1, \"unknown~~~#CCCCCC~~~-1\") | rex field=aggregate_target \"(?<aggregate_severity>.*)~~~(?<aggregate_color>.*)~~~(?<aggregate_level>.*)\"", "generated": "index=_internal | timechart count"}}, "severityField": "aggregate_color", "thresholdLabel": "count", "useGenerated": false, "earliest": "-15m", "sparklineEarliest": -3600, "latest": "now", "thresholdMode": true, "thresholdSettingModel": {"thresholdLevels": [{"severityLabel": "normal", "severityColor": "#99D18B", "severityColorLight": "#DCEFD7", "severityValue": 2, "thresholdValue": "0", "dynamicParam": 0}, {"severityLabel": "medium", "severityColor": "#FCB64E", "severityColorLight": "#FEE6C1", "severityValue": 4, "thresholdValue": 5, "dynamicParam": 0}, {"severityLabel": "critical", "severityColor": "#B50101", "severityColorLight": "#E5A6A6", "severityValue": 6, "thresholdValue": 8, "dynamicParam": 0}], "baseSeverityLabel": "normal", "baseSeverityValue": 2, "baseSeverityColor": "#99D18B", "baseSeverityColorLight": "#DCEFD7", "metricField": "aggregate", "search": "", "renderBoundaryMin": 0, "renderBoundaryMax": 10, "isMaxStatic": false, "isMinStatic": true, "gaugeMin": 0, "gaugeMax": 10, "comparator": ">="}, "severityColor": "#3c3c3c", "severityLabel": "NA", "searchSource": "adhoc", "dataModel": {"datamodel": "AppServer", "owner_field": "Performance.application_instance", "object": "Performance", "field": "application_instance"}, "dataModelStatOp": "0", "whereClause": "", "assetId": null, "search": "index=itsi_summary alert_severity=\"normal\" entity_title=\"*\" | stats latest(alert_severity)  as severity by  entity_title | stats count by severity"}, "searchFigure": true, "labelFlag": true, "label": "", "labelFontColor": "#999999", "labelFontFamily": "Roboto, sans-serif", "labelFontSize": "12", "labelLocation": "bottom", "drilldownModel": {"useCustomDrilldown": false, "drilldownSettingsModel": {"customUrl": "", "params": {}, "objType": "default", "objPage": "search", "objId": "", "objOwner": "nobody"}}, "height": 125, "width": 125, "x": 1404.0000000000002, "y": 839.0000000000002, "locked": false, "unit": "", "vizType": "gauge", "assetId": null, "parent": null, "isDeleted": false, "isSwappable": false, "isDeltaPercentage": true, "hasRoundMetric": true, "digitPrecision": 0}, {"id": "e9bc5e2e-dd34-00d7-729f-a361a5313a1e", "name": "Gauge", "statModel": {"searches": {"base": {"raw": "index=itsi_summary alert_severity=\"normal\" entity_title=\"*\" | stats latest(alert_severity)  as severity by  entity_title | stats count by severity| rename count AS aggregate | eval aggregate_target=case(aggregate>=8, \"critical~~~#B50101~~~6\", aggregate>=5, \"medium~~~#FCB64E~~~4\", aggregate>=0, \"normal~~~#99D18B~~~2\", isnum(aggregate), \"normal~~~#99D18B~~~2\", 1==1, \"unknown~~~#CCCCCC~~~-1\") | rex field=aggregate_target \"(?<aggregate_severity>.*)~~~(?<aggregate_color>.*)~~~(?<aggregate_level>.*)\"", "generated": "index=_internal | timechart count"}, "timeseries": {"raw": "index=itsi_summary alert_severity=\"normal\" entity_title=\"*\" | stats latest(alert_severity)  as severity by  entity_title | stats count by severity| rename count AS aggregate | eval aggregate_target=case(aggregate>=8, \"critical~~~#B50101~~~6\", aggregate>=5, \"medium~~~#FCB64E~~~4\", aggregate>=0, \"normal~~~#99D18B~~~2\", isnum(aggregate), \"normal~~~#99D18B~~~2\", 1==1, \"unknown~~~#CCCCCC~~~-1\") | rex field=aggregate_target \"(?<aggregate_severity>.*)~~~(?<aggregate_color>.*)~~~(?<aggregate_level>.*)\"", "generated": "index=_internal | timechart count"}, "timecompare": {"raw": "index=itsi_summary alert_severity=\"normal\" entity_title=\"*\" | stats latest(alert_severity)  as severity by  entity_title | stats count by severity | rename count AS aggregate| addinfo | eval mid_time= (info_max_time+ info_min_time)/2 | eval bucket=if(_time<mid_time,\"last_window\", \"current_window\") | stats latest(aggregate) as  aggregate BY bucket | reverse | delta aggregate AS window_delta | search bucket=current_window | eval window_direction=if(window_delta >0, \"increase\", if(window_delta < 0, \"decrease\", \"none\")) | eval aggregate_target=case(aggregate>=8, \"critical~~~#B50101~~~6\", aggregate>=5, \"medium~~~#FCB64E~~~4\", aggregate>=0, \"normal~~~#99D18B~~~2\", isnum(aggregate), \"normal~~~#99D18B~~~2\", 1==1, \"unknown~~~#CCCCCC~~~-1\") | rex field=aggregate_target \"(?<aggregate_severity>.*)~~~(?<aggregate_color>.*)~~~(?<aggregate_level>.*)\"", "generated": "index=_internal | timechart count"}}, "severityField": "aggregate_color", "thresholdLabel": "count", "useGenerated": false, "earliest": "-15m", "sparklineEarliest": -3600, "latest": "now", "thresholdMode": true, "thresholdSettingModel": {"thresholdLevels": [{"severityLabel": "normal", "severityColor": "#99D18B", "severityColorLight": "#DCEFD7", "severityValue": 2, "thresholdValue": "0", "dynamicParam": 0}, {"severityLabel": "medium", "severityColor": "#FCB64E", "severityColorLight": "#FEE6C1", "severityValue": 4, "thresholdValue": 5, "dynamicParam": 0}, {"severityLabel": "critical", "severityColor": "#B50101", "severityColorLight": "#E5A6A6", "severityValue": 6, "thresholdValue": 8, "dynamicParam": 0}], "baseSeverityLabel": "normal", "baseSeverityValue": 2, "baseSeverityColor": "#99D18B", "baseSeverityColorLight": "#DCEFD7", "metricField": "aggregate", "search": "", "renderBoundaryMin": 0, "renderBoundaryMax": 10, "isMaxStatic": false, "isMinStatic": true, "gaugeMin": 0, "gaugeMax": 10, "comparator": ">="}, "severityColor": "#3c3c3c", "severityLabel": "NA", "searchSource": "adhoc", "dataModel": {"datamodel": "AppServer", "owner_field": "Performance.application_instance", "object": "Performance", "field": "application_instance"}, "dataModelStatOp": "0", "whereClause": "", "assetId": null, "search": "index=itsi_summary alert_severity=\"normal\" entity_title=\"*\" | stats latest(alert_severity)  as severity by  entity_title | stats count by severity"}, "searchFigure": true, "labelFlag": true, "label": "", "labelFontColor": "#999999", "labelFontFamily": "Roboto, sans-serif", "labelFontSize": "12", "labelLocation": "bottom", "drilldownModel": {"useCustomDrilldown": false, "drilldownSettingsModel": {"customUrl": "", "params": {}, "objType": "default", "objPage": "search", "objId": "", "objOwner": "nobody"}}, "height": 125, "width": 125, "x": 1626.0000000000005, "y": 835.0000000000003, "locked": false, "unit": "", "vizType": "gauge", "assetId": null, "parent": null, "isDeleted": false, "isSwappable": false, "isDeltaPercentage": true, "hasRoundMetric": true, "digitPrecision": 0}, {"id": "0d37f4a8-1920-1d80-65a3-2fb7bbeba9fa", "name": "Gauge", "statModel": {"searches": {"base": {"raw": "index=itsi_summary alert_severity=\"normal\" entity_title=\"*\" | stats latest(alert_severity)  as severity by  entity_title | stats count by severity| rename count AS aggregate | eval aggregate_target=case(aggregate>=8, \"critical~~~#B50101~~~6\", aggregate>=5, \"medium~~~#FCB64E~~~4\", aggregate>=0, \"normal~~~#99D18B~~~2\", isnum(aggregate), \"normal~~~#99D18B~~~2\", 1==1, \"unknown~~~#CCCCCC~~~-1\") | rex field=aggregate_target \"(?<aggregate_severity>.*)~~~(?<aggregate_color>.*)~~~(?<aggregate_level>.*)\"", "generated": "index=_internal | timechart count"}, "timeseries": {"raw": "index=itsi_summary alert_severity=\"normal\" entity_title=\"*\" | stats latest(alert_severity)  as severity by  entity_title | stats count by severity| rename count AS aggregate | eval aggregate_target=case(aggregate>=8, \"critical~~~#B50101~~~6\", aggregate>=5, \"medium~~~#FCB64E~~~4\", aggregate>=0, \"normal~~~#99D18B~~~2\", isnum(aggregate), \"normal~~~#99D18B~~~2\", 1==1, \"unknown~~~#CCCCCC~~~-1\") | rex field=aggregate_target \"(?<aggregate_severity>.*)~~~(?<aggregate_color>.*)~~~(?<aggregate_level>.*)\"", "generated": "index=_internal | timechart count"}, "timecompare": {"raw": "index=itsi_summary alert_severity=\"normal\" entity_title=\"*\" | stats latest(alert_severity)  as severity by  entity_title | stats count by severity | rename count AS aggregate| addinfo | eval mid_time= (info_max_time+ info_min_time)/2 | eval bucket=if(_time<mid_time,\"last_window\", \"current_window\") | stats latest(aggregate) as  aggregate BY bucket | reverse | delta aggregate AS window_delta | search bucket=current_window | eval window_direction=if(window_delta >0, \"increase\", if(window_delta < 0, \"decrease\", \"none\")) | eval aggregate_target=case(aggregate>=8, \"critical~~~#B50101~~~6\", aggregate>=5, \"medium~~~#FCB64E~~~4\", aggregate>=0, \"normal~~~#99D18B~~~2\", isnum(aggregate), \"normal~~~#99D18B~~~2\", 1==1, \"unknown~~~#CCCCCC~~~-1\") | rex field=aggregate_target \"(?<aggregate_severity>.*)~~~(?<aggregate_color>.*)~~~(?<aggregate_level>.*)\"", "generated": "index=_internal | timechart count"}}, "severityField": "aggregate_color", "thresholdLabel": "count", "useGenerated": false, "earliest": "-15m", "sparklineEarliest": -3600, "latest": "now", "thresholdMode": true, "thresholdSettingModel": {"thresholdLevels": [{"severityLabel": "normal", "severityColor": "#99D18B", "severityColorLight": "#DCEFD7", "severityValue": 2, "thresholdValue": "0", "dynamicParam": 0}, {"severityLabel": "medium", "severityColor": "#FCB64E", "severityColorLight": "#FEE6C1", "severityValue": 4, "thresholdValue": 5, "dynamicParam": 0}, {"severityLabel": "critical", "severityColor": "#B50101", "severityColorLight": "#E5A6A6", "severityValue": 6, "thresholdValue": 8, "dynamicParam": 0}], "baseSeverityLabel": "normal", "baseSeverityValue": 2, "baseSeverityColor": "#99D18B", "baseSeverityColorLight": "#DCEFD7", "metricField": "aggregate", "search": "", "renderBoundaryMin": 0, "renderBoundaryMax": 10, "isMaxStatic": false, "isMinStatic": true, "gaugeMin": 0, "gaugeMax": 10, "comparator": ">="}, "severityColor": "#3c3c3c", "severityLabel": "NA", "searchSource": "adhoc", "dataModel": {"datamodel": "AppServer", "owner_field": "Performance.application_instance", "object": "Performance", "field": "application_instance"}, "dataModelStatOp": "0", "whereClause": "", "assetId": null, "search": "index=itsi_summary alert_severity=\"normal\" entity_title=\"*\" | stats latest(alert_severity)  as severity by  entity_title | stats count by severity"}, "searchFigure": true, "labelFlag": true, "label": "", "labelFontColor": "#999999", "labelFontFamily": "Roboto, sans-serif", "labelFontSize": "12", "labelLocation": "bottom", "drilldownModel": {"useCustomDrilldown": false, "drilldownSettingsModel": {"customUrl": "", "params": {}, "objType": "default", "objPage": "search", "objId": "", "objOwner": "nobody"}}, "height": 125, "width": 125, "x": 1898.0000000000007, "y": 839.0000000000002, "locked": false, "unit": "", "vizType": "gauge", "assetId": null, "parent": null, "isDeleted": false, "isSwappable": false, "isDeltaPercentage": true, "hasRoundMetric": true, "digitPrecision": 0}, {"id": "2ec06559-cab0-5c17-e326-0b93d2018f64", "name": "SingleValue", "statModel": {"searches": {"base": {"raw": "`get_full_itsi_summary_kpi(SHKPI-dafd7f68-e469-4ff4-90a8-2ce590dbd242)` `service_level_kpi_only` | head 1 | table alert_value, alert_severity, alert_color | rename alert_value AS aggregate, alert_severity AS aggregate_severity, alert_color AS aggregate_color", "generated": "`get_full_itsi_summary_kpi(SHKPI-dafd7f68-e469-4ff4-90a8-2ce590dbd242)` `service_level_kpi_only` | head 1 | table alert_value, alert_severity, alert_color | rename alert_value AS aggregate, alert_severity AS aggregate_severity, alert_color AS aggregate_color"}, "timeseries": {"raw": "`get_full_itsi_summary_kpi(SHKPI-dafd7f68-e469-4ff4-90a8-2ce590dbd242)` `service_level_kpi_only` | timechart latest(alert_value) AS aggregate, latest(alert_severity) AS aggregate_severity, latest(alert_color) AS aggregate_color", "generated": "`get_full_itsi_summary_kpi(SHKPI-dafd7f68-e469-4ff4-90a8-2ce590dbd242)` `service_level_kpi_only` | timechart latest(alert_value) AS aggregate, latest(alert_severity) AS aggregate_severity, latest(alert_color) AS aggregate_color"}, "timecompare": {"raw": "`get_full_itsi_summary_kpi(SHKPI-dafd7f68-e469-4ff4-90a8-2ce590dbd242)` `service_level_kpi_only` | addinfo | eval mid_time = (info_max_time + info_min_time) / 2 | eval bucket=if(_time < mid_time, \"last_window\", \"current_window\") | stats latest(alert_value) AS aggregate, latest(alert_severity) AS aggregate_severity, latest(alert_color) AS aggregate_color BY bucket | reverse | delta aggregate AS window_delta | search bucket=current_window | eval window_direction=if(window_delta > 0, \"increase\", if(window_delta < 0, \"decrease\", \"none\"))", "generated": "`get_full_itsi_summary_kpi(SHKPI-dafd7f68-e469-4ff4-90a8-2ce590dbd242)` `service_level_kpi_only` | addinfo | eval mid_time = (info_max_time + info_min_time) / 2 | eval bucket=if(_time < mid_time, \"last_window\", \"current_window\") | stats latest(alert_value) AS aggregate, latest(alert_severity) AS aggregate_severity, latest(alert_color) AS aggregate_color BY bucket | reverse | delta aggregate AS window_delta | search bucket=current_window | eval window_direction=if(window_delta > 0, \"increase\", if(window_delta < 0, \"decrease\", \"none\"))"}}, "severityField": "aggregate_color", "thresholdLabel": "count", "earliest": "-60m", "thresholdMode": true, "useGenerated": true, "assetId": "SHKPI-dafd7f68-e469-4ff4-90a8-2ce590dbd242", "search": "`get_full_itsi_summary_kpi(SHKPI-dafd7f68-e469-4ff4-90a8-2ce590dbd242)` `service_level_kpi_only` | head 1 | table alert_value, alert_severity, alert_color | rename alert_value AS aggregate, alert_severity AS aggregate_severity, alert_color AS aggregate_color", "metricField": "aggregate", "thresholdSettingModel": {"thresholdLevels": [{"thresholdValue": 0, "severityLabel": "critical", "severityValue": 6, "severityColor": "#B50101", "severityColorLight": "#E5A6A6", "dynamicParam": 0}, {"thresholdValue": 20, "severityLabel": "high", "severityValue": 5, "severityColor": "#F26A35", "severityColorLight": "#FBCBB9", "dynamicParam": 0}, {"thresholdValue": 40, "severityLabel": "medium", "severityValue": 4, "severityColor": "#FCB64E", "severityColorLight": "#FEE6C1", "dynamicParam": 0}, {"thresholdValue": 60, "severityLabel": "low", "severityValue": 3, "severityColor": "#FFE98C", "severityColorLight": "#FFF4C5", "dynamicParam": 0}, {"thresholdValue": 80, "severityLabel": "normal", "severityValue": 2, "severityColor": "#99D18B", "severityColorLight": "#DCEFD7", "dynamicParam": 0}], "gaugeMax": 100, "isMaxStatic": false, "baseSeverityLabel": "normal", "metricField": "aggregate", "search": "", "renderBoundaryMin": 0, "baseSeverityValue": 2, "baseSeverityColor": "#99D18B", "gaugeMin": 0, "isMinStatic": true, "baseSeverityColorLight": "#DCEFD7", "renderBoundaryMax": 100, "comparator": ">="}, "sparklineEarliest": -3600, "latest": "now", "severityColor": "#3c3c3c", "severityLabel": "NA", "searchSource": "adhoc", "dataModel": {"datamodel": "AppServer", "owner_field": "Performance.application_instance", "object": "Performance", "field": "application_instance"}, "dataModelStatOp": "0", "whereClause": ""}, "searchFigure": true, "labelFlag": true, "label": "ViewAccountSummary", "labelFontColor": "#999999", "labelFontFamily": "Roboto, sans-serif", "labelFontSize": "30", "labelLocation": "bottom", "drilldownModel": {"useCustomDrilldown": false, "drilldownSettingsModel": {"customUrl": "", "params": {}, "objType": "default", "objPage": "search", "objId": "", "objOwner": "nobody"}}, "height": 80, "width": 302, "x": 447.99999999999886, "y": 655, "locked": false, "unit": "", "vizType": "single_value", "assetId": "SHKPI-dafd7f68-e469-4ff4-90a8-2ce590dbd242", "parent": "dafd7f68-e469-4ff4-90a8-2ce590dbd242", "isSwappable": false, "isDeltaPercentage": true, "hasRoundMetric": true, "digitPrecision": 0}], "latest": "now", "latest_label": "Now", "is_epoch": false, "gt_version": "classic", "source_itsi_da": "itsi", "mod_source": "REST", "object_type": "glass_table", "mod_timestamp": "2020-10-09T13:17:38.631874+00:00", "_version": "4.4.5", "identifying_name": "template", "interactable": true, "zoom_factor": 2.0000000000000027, "svg_coordinates": {"viewdx": -410.0000000000023, "viewdy": -177.00000000000102}, "_user": "nobody", "_key": "1734441e-099d-11eb-b09f-16e9e39a00a9"}, {"_owner": "jesus", "title": "test", "description": "", "mod_time": "2020-10-08 13:19:15", "acl": {"can_change_perms": true, "can_share_app": true, "can_share_global": true, "can_share_user": true, "can_write": true, "modifiable": true, "owner": "jesus", "perms": {"read": [], "write": []}, "sharing": "user"}, "content": [{"id": "e3854c64-5bf5-7412-0c69-c4f82404bcad", "name": "Sparkline", "statModel": {"searches": {"base": {"raw": "`get_full_itsi_summary_kpi(SHKPI-752f6e99-2cab-4a43-a378-9f93d5944baf)` `service_level_kpi_only` | head 1 | table alert_value, alert_severity, alert_color | rename alert_value AS aggregate, alert_severity AS aggregate_severity, alert_color AS aggregate_color", "generated": "`get_full_itsi_summary_kpi(SHKPI-752f6e99-2cab-4a43-a378-9f93d5944baf)` `service_level_kpi_only` | head 1 | table alert_value, alert_severity, alert_color | rename alert_value AS aggregate, alert_severity AS aggregate_severity, alert_color AS aggregate_color"}, "timeseries": {"raw": "`get_full_itsi_summary_kpi(SHKPI-752f6e99-2cab-4a43-a378-9f93d5944baf)` `service_level_kpi_only` | timechart latest(alert_value) AS aggregate, latest(alert_severity) AS aggregate_severity, latest(alert_color) AS aggregate_color", "generated": "`get_full_itsi_summary_kpi(SHKPI-752f6e99-2cab-4a43-a378-9f93d5944baf)` `service_level_kpi_only` | timechart latest(alert_value) AS aggregate, latest(alert_severity) AS aggregate_severity, latest(alert_color) AS aggregate_color"}, "timecompare": {"raw": "`get_full_itsi_summary_kpi(SHKPI-752f6e99-2cab-4a43-a378-9f93d5944baf)` `service_level_kpi_only` | addinfo | eval mid_time = (info_max_time + info_min_time) / 2 | eval bucket=if(_time < mid_time, \"last_window\", \"current_window\") | stats latest(alert_value) AS aggregate, latest(alert_severity) AS aggregate_severity, latest(alert_color) AS aggregate_color BY bucket | reverse | delta aggregate AS window_delta | search bucket=current_window | eval window_direction=if(window_delta > 0, \"increase\", if(window_delta < 0, \"decrease\", \"none\"))", "generated": "`get_full_itsi_summary_kpi(SHKPI-752f6e99-2cab-4a43-a378-9f93d5944baf)` `service_level_kpi_only` | addinfo | eval mid_time = (info_max_time + info_min_time) / 2 | eval bucket=if(_time < mid_time, \"last_window\", \"current_window\") | stats latest(alert_value) AS aggregate, latest(alert_severity) AS aggregate_severity, latest(alert_color) AS aggregate_color BY bucket | reverse | delta aggregate AS window_delta | search bucket=current_window | eval window_direction=if(window_delta > 0, \"increase\", if(window_delta < 0, \"decrease\", \"none\"))"}}, "severityField": "aggregate_color", "thresholdLabel": "count", "earliest": "-60m", "thresholdMode": true, "useGenerated": true, "assetId": "SHKPI-752f6e99-2cab-4a43-a378-9f93d5944baf", "search": "`get_full_itsi_summary_kpi(SHKPI-752f6e99-2cab-4a43-a378-9f93d5944baf)` `service_level_kpi_only` | head 1 | table alert_value, alert_severity, alert_color | rename alert_value AS aggregate, alert_severity AS aggregate_severity, alert_color AS aggregate_color", "metricField": "aggregate", "thresholdSettingModel": {"thresholdLevels": [{"thresholdValue": 0, "severityLabel": "critical", "severityValue": 6, "severityColor": "#B50101", "severityColorLight": "#E5A6A6", "dynamicParam": 0}, {"thresholdValue": 20, "severityLabel": "high", "severityValue": 5, "severityColor": "#F26A35", "severityColorLight": "#FBCBB9", "dynamicParam": 0}, {"thresholdValue": 40, "severityLabel": "medium", "severityValue": 4, "severityColor": "#FCB64E", "severityColorLight": "#FEE6C1", "dynamicParam": 0}, {"thresholdValue": 60, "severityLabel": "low", "severityValue": 3, "severityColor": "#FFE98C", "severityColorLight": "#FFF4C5", "dynamicParam": 0}, {"thresholdValue": 80, "severityLabel": "normal", "severityValue": 2, "severityColor": "#99D18B", "severityColorLight": "#DCEFD7", "dynamicParam": 0}], "gaugeMax": 100, "isMaxStatic": false, "baseSeverityLabel": "normal", "metricField": "aggregate", "search": "", "renderBoundaryMin": 0, "baseSeverityValue": 2, "baseSeverityColor": "#99D18B", "gaugeMin": 0, "isMinStatic": true, "baseSeverityColorLight": "#DCEFD7", "renderBoundaryMax": 100, "comparator": ">="}, "sparklineEarliest": -3600, "latest": "-15m", "severityColor": "#3c3c3c", "severityLabel": "NA", "searchSource": "adhoc", "dataModel": {"datamodel": "", "object": "", "field": "", "owner_field": ""}, "dataModelStatOp": "", "whereClause": ""}, "searchFigure": true, "labelFlag": true, "label": "ServiceHealthScore", "labelFontColor": "#999999", "labelFontFamily": "Roboto, sans-serif", "labelFontSize": "12", "labelLocation": "bottom", "drilldownModel": {"useCustomDrilldown": false, "drilldownSettingsModel": {"customUrl": "", "params": {}, "objType": "default", "objPage": "search", "objId": "", "objOwner": "nobody"}}, "height": 80, "width": 302, "x": 540, "y": 60, "locked": false, "unit": "", "vizType": "sparkline", "assetId": "SHKPI-752f6e99-2cab-4a43-a378-9f93d5944baf", "parent": "752f6e99-2cab-4a43-a378-9f93d5944baf", "isDeleted": false, "isSwappable": false, "isDeltaPercentage": true, "hasRoundMetric": true, "digitPrecision": 0}, {"id": "74d9cc1b-e984-bdf2-6294-1b99f0dbd364", "name": "Sparkline", "statModel": {"searches": {"base": {"raw": "`get_full_itsi_summary_kpi(SHKPI-b38952ae-88d0-43d7-ac91-45f01915f637)` `service_level_kpi_only` | head 1 | table alert_value, alert_severity, alert_color | rename alert_value AS aggregate, alert_severity AS aggregate_severity, alert_color AS aggregate_color", "generated": "`get_full_itsi_summary_kpi(SHKPI-b38952ae-88d0-43d7-ac91-45f01915f637)` `service_level_kpi_only` | head 1 | table alert_value, alert_severity, alert_color | rename alert_value AS aggregate, alert_severity AS aggregate_severity, alert_color AS aggregate_color"}, "timeseries": {"raw": "`get_full_itsi_summary_kpi(SHKPI-b38952ae-88d0-43d7-ac91-45f01915f637)` `service_level_kpi_only` | timechart latest(alert_value) AS aggregate, latest(alert_severity) AS aggregate_severity, latest(alert_color) AS aggregate_color", "generated": "`get_full_itsi_summary_kpi(SHKPI-b38952ae-88d0-43d7-ac91-45f01915f637)` `service_level_kpi_only` | timechart latest(alert_value) AS aggregate, latest(alert_severity) AS aggregate_severity, latest(alert_color) AS aggregate_color"}, "timecompare": {"raw": "`get_full_itsi_summary_kpi(SHKPI-b38952ae-88d0-43d7-ac91-45f01915f637)` `service_level_kpi_only` | addinfo | eval mid_time = (info_max_time + info_min_time) / 2 | eval bucket=if(_time < mid_time, \"last_window\", \"current_window\") | stats latest(alert_value) AS aggregate, latest(alert_severity) AS aggregate_severity, latest(alert_color) AS aggregate_color BY bucket | reverse | delta aggregate AS window_delta | search bucket=current_window | eval window_direction=if(window_delta > 0, \"increase\", if(window_delta < 0, \"decrease\", \"none\"))", "generated": "`get_full_itsi_summary_kpi(SHKPI-b38952ae-88d0-43d7-ac91-45f01915f637)` `service_level_kpi_only` | addinfo | eval mid_time = (info_max_time + info_min_time) / 2 | eval bucket=if(_time < mid_time, \"last_window\", \"current_window\") | stats latest(alert_value) AS aggregate, latest(alert_severity) AS aggregate_severity, latest(alert_color) AS aggregate_color BY bucket | reverse | delta aggregate AS window_delta | search bucket=current_window | eval window_direction=if(window_delta > 0, \"increase\", if(window_delta < 0, \"decrease\", \"none\"))"}}, "severityField": "aggregate_color", "thresholdLabel": "count", "earliest": "-60m", "thresholdMode": true, "useGenerated": true, "assetId": "SHKPI-b38952ae-88d0-43d7-ac91-45f01915f637", "search": "`get_full_itsi_summary_kpi(SHKPI-b38952ae-88d0-43d7-ac91-45f01915f637)` `service_level_kpi_only` | head 1 | table alert_value, alert_severity, alert_color | rename alert_value AS aggregate, alert_severity AS aggregate_severity, alert_color AS aggregate_color", "metricField": "aggregate", "thresholdSettingModel": {"thresholdLevels": [{"thresholdValue": 0, "severityLabel": "critical", "severityValue": 6, "severityColor": "#B50101", "severityColorLight": "#E5A6A6", "dynamicParam": 0}, {"thresholdValue": 20, "severityLabel": "high", "severityValue": 5, "severityColor": "#F26A35", "severityColorLight": "#FBCBB9", "dynamicParam": 0}, {"thresholdValue": 40, "severityLabel": "medium", "severityValue": 4, "severityColor": "#FCB64E", "severityColorLight": "#FEE6C1", "dynamicParam": 0}, {"thresholdValue": 60, "severityLabel": "low", "severityValue": 3, "severityColor": "#FFE98C", "severityColorLight": "#FFF4C5", "dynamicParam": 0}, {"thresholdValue": 80, "severityLabel": "normal", "severityValue": 2, "severityColor": "#99D18B", "severityColorLight": "#DCEFD7", "dynamicParam": 0}], "gaugeMax": 100, "isMaxStatic": false, "baseSeverityLabel": "normal", "metricField": "aggregate", "search": "", "renderBoundaryMin": 0, "baseSeverityValue": 2, "baseSeverityColor": "#99D18B", "gaugeMin": 0, "isMinStatic": true, "baseSeverityColorLight": "#DCEFD7", "renderBoundaryMax": 100, "comparator": ">="}, "sparklineEarliest": -3600, "latest": "now", "severityColor": "#3c3c3c", "severityLabel": "NA", "searchSource": "adhoc", "dataModel": {"datamodel": "", "object": "", "field": "", "owner_field": ""}, "dataModelStatOp": "", "whereClause": ""}, "searchFigure": true, "labelFlag": true, "label": "ServiceHealthScore", "labelFontColor": "#999999", "labelFontFamily": "Roboto, sans-serif", "labelFontSize": "12", "labelLocation": "bottom", "drilldownModel": {"useCustomDrilldown": false, "drilldownSettingsModel": {"customUrl": "", "params": {}, "objType": "default", "objPage": "search", "objId": "", "objOwner": "nobody"}}, "height": 80, "width": 302, "x": 546, "y": 289, "locked": false, "unit": "", "vizType": "sparkline", "assetId": "SHKPI-b38952ae-88d0-43d7-ac91-45f01915f637", "parent": "b38952ae-88d0-43d7-ac91-45f01915f637", "isDeleted": false, "isSwappable": false, "isDeltaPercentage": true, "hasRoundMetric": true, "digitPrecision": 0}, {"id": "62a55d95-6f24-cec8-b7bb-f143a0aadbb8", "name": "Sparkline", "statModel": {"searches": {"base": {"raw": "index=eks_logs namespace=sock-shop container_name=* | eval Error=if(like(_raw,\"%error%\"),100,0) | eval entities='container_name' | search [ | rest splunk_server=local report_as=text \"/servicesNS/nobody/SA-ITOA/itoa_interface/generate_entity_filter?service_id=b38952ae-88d0-43d7-ac91-45f01915f637&kpi_id=eb40e008-a9d1-4d24-a2d5-b267be756129&entity_id_fields=entities&entity_alias_filtering_fields=entities&search_type=adhoc\" | return $value ] | `aggregate_raw_into_single_value(count, sum, _time, entities, 5)` | `assess_severity(b38952ae-88d0-43d7-ac91-45f01915f637, eb40e008-a9d1-4d24-a2d5-b267be756129)`", "generated": "`get_full_itsi_summary_kpi(eb40e008-a9d1-4d24-a2d5-b267be756129)` `service_level_kpi_only` | head 1 | table alert_value, alert_severity, alert_color | rename alert_value AS aggregate, alert_severity AS aggregate_severity, alert_color AS aggregate_color"}, "timeseries": {"raw": "index=eks_logs namespace=sock-shop container_name=* | eval Error=if(like(_raw,\"%error%\"),100,0) | eval entities='container_name' | search [ | rest splunk_server=local report_as=text \"/servicesNS/nobody/SA-ITOA/itoa_interface/generate_entity_filter?service_id=b38952ae-88d0-43d7-ac91-45f01915f637&kpi_id=eb40e008-a9d1-4d24-a2d5-b267be756129&entity_id_fields=entities&entity_alias_filtering_fields=entities&search_type=adhoc\" | return $value ] | `aggregate_raw_into_entity_time_series(count, _time, entities, 5)` | `aggregate_entity_into_service_time_series(sum, 5)` | `assess_severity(b38952ae-88d0-43d7-ac91-45f01915f637, eb40e008-a9d1-4d24-a2d5-b267be756129)`", "generated": "`get_full_itsi_summary_kpi(eb40e008-a9d1-4d24-a2d5-b267be756129)` `service_level_kpi_only` | timechart latest(alert_value) AS aggregate, latest(alert_severity) AS aggregate_severity, latest(alert_color) AS aggregate_color"}, "timecompare": {"raw": "index=eks_logs namespace=sock-shop container_name=* | eval Error=if(like(_raw,\"%error%\"),100,0) | eval entities='container_name' | search [ | rest splunk_server=local report_as=text \"/servicesNS/nobody/SA-ITOA/itoa_interface/generate_entity_filter?service_id=b38952ae-88d0-43d7-ac91-45f01915f637&kpi_id=eb40e008-a9d1-4d24-a2d5-b267be756129&entity_id_fields=entities&entity_alias_filtering_fields=entities&search_type=adhoc\" | return $value ] | `aggregate_raw_and_compare(count, sum, _time, entities, 5)` | `assess_severity(b38952ae-88d0-43d7-ac91-45f01915f637, eb40e008-a9d1-4d24-a2d5-b267be756129)`", "generated": "`get_full_itsi_summary_kpi(eb40e008-a9d1-4d24-a2d5-b267be756129)` `service_level_kpi_only` | addinfo | eval mid_time = (info_max_time + info_min_time) / 2 | eval bucket=if(_time < mid_time, \"last_window\", \"current_window\") | stats latest(alert_value) AS aggregate, latest(alert_severity) AS aggregate_severity, latest(alert_color) AS aggregate_color BY bucket | reverse | delta aggregate AS window_delta | search bucket=current_window | eval window_direction=if(window_delta > 0, \"increase\", if(window_delta < 0, \"decrease\", \"none\"))"}}, "severityField": "aggregate_color", "thresholdLabel": "count", "earliest": "-60m", "thresholdMode": true, "useGenerated": true, "assetId": "eb40e008-a9d1-4d24-a2d5-b267be756129", "search": "index=eks_logs namespace=sock-shop container_name=* | eval Error=if(like(_raw,\"%error%\"),100,0) | eval entities='container_name' | search [ | rest splunk_server=local report_as=text \"/servicesNS/nobody/SA-ITOA/itoa_interface/generate_entity_filter?service_id=b38952ae-88d0-43d7-ac91-45f01915f637&kpi_id=eb40e008-a9d1-4d24-a2d5-b267be756129&entity_id_fields=entities&entity_alias_filtering_fields=entities&search_type=adhoc\" | return $value ] | `aggregate_raw_into_single_value(count, sum, _time, entities, 5)` | `assess_severity(b38952ae-88d0-43d7-ac91-45f01915f637, eb40e008-a9d1-4d24-a2d5-b267be756129)`", "metricField": "aggregate", "thresholdSettingModel": {"thresholdLevels": [], "baseSeverityLabel": "info", "baseSeverityValue": 1, "baseSeverityColor": "#AED3E5", "baseSeverityColorLight": "#E3F0F6", "metricField": "aggregate", "renderBoundaryMin": 0, "renderBoundaryMax": 1843.6, "isMaxStatic": false, "isMinStatic": true, "gaugeMin": 0, "gaugeMax": 100, "search": "", "comparator": ">="}, "sparklineEarliest": -3600, "latest": "now", "severityColor": "#3c3c3c", "severityLabel": "NA", "searchSource": "adhoc", "dataModel": {"datamodel": "", "object": "", "field": "", "owner_field": ""}, "dataModelStatOp": "", "whereClause": ""}, "searchFigure": true, "labelFlag": true, "label": "count", "labelFontColor": "#999999", "labelFontFamily": "Roboto, sans-serif", "labelFontSize": "12", "labelLocation": "bottom", "drilldownModel": {"useCustomDrilldown": false, "drilldownSettingsModel": {"customUrl": "", "params": {}, "objType": "default", "objPage": "search", "objId": "", "objOwner": "nobody"}}, "height": 80, "width": 293, "x": 555, "y": 403, "locked": false, "unit": "", "vizType": "sparkline", "assetId": "eb40e008-a9d1-4d24-a2d5-b267be756129", "parent": "b38952ae-88d0-43d7-ac91-45f01915f637", "isDeleted": false, "isSwappable": false, "isDeltaPercentage": true, "hasRoundMetric": true, "digitPrecision": 0}, {"id": "34ebda4f-d890-3ba5-7e9b-202f16b33e5c", "name": "Sparkline", "statModel": {"searches": {"base": {"raw": "index=eks_logs namespace=sock-shop container_name=* | eval Error=if(like(_raw,\"%error%\"),100,0) | eval entities='container_name' | search [ | rest splunk_server=local report_as=text \"/servicesNS/nobody/SA-ITOA/itoa_interface/generate_entity_filter?service_id=f8c2132e-4733-4fbb-a421-862028e0e17e&kpi_id=13730d18-2fd4-451b-8f9f-14dfeaff7512&entity_id_fields=entities&entity_alias_filtering_fields=entities&search_type=adhoc\" | return $value ] | `aggregate_raw_into_single_value(count, sum, _time, entities, 5)` | `assess_severity(f8c2132e-4733-4fbb-a421-862028e0e17e, 13730d18-2fd4-451b-8f9f-14dfeaff7512)`", "generated": "`get_full_itsi_summary_kpi(13730d18-2fd4-451b-8f9f-14dfeaff7512)` `service_level_kpi_only` | head 1 | table alert_value, alert_severity, alert_color | rename alert_value AS aggregate, alert_severity AS aggregate_severity, alert_color AS aggregate_color"}, "timeseries": {"raw": "index=eks_logs namespace=sock-shop container_name=* | eval Error=if(like(_raw,\"%error%\"),100,0) | eval entities='container_name' | search [ | rest splunk_server=local report_as=text \"/servicesNS/nobody/SA-ITOA/itoa_interface/generate_entity_filter?service_id=f8c2132e-4733-4fbb-a421-862028e0e17e&kpi_id=13730d18-2fd4-451b-8f9f-14dfeaff7512&entity_id_fields=entities&entity_alias_filtering_fields=entities&search_type=adhoc\" | return $value ] | `aggregate_raw_into_entity_time_series(count, _time, entities, 5)` | `aggregate_entity_into_service_time_series(sum, 5)` | `assess_severity(f8c2132e-4733-4fbb-a421-862028e0e17e, 13730d18-2fd4-451b-8f9f-14dfeaff7512)`", "generated": "`get_full_itsi_summary_kpi(13730d18-2fd4-451b-8f9f-14dfeaff7512)` `service_level_kpi_only` | timechart latest(alert_value) AS aggregate, latest(alert_severity) AS aggregate_severity, latest(alert_color) AS aggregate_color"}, "timecompare": {"raw": "index=eks_logs namespace=sock-shop container_name=* | eval Error=if(like(_raw,\"%error%\"),100,0) | eval entities='container_name' | search [ | rest splunk_server=local report_as=text \"/servicesNS/nobody/SA-ITOA/itoa_interface/generate_entity_filter?service_id=f8c2132e-4733-4fbb-a421-862028e0e17e&kpi_id=13730d18-2fd4-451b-8f9f-14dfeaff7512&entity_id_fields=entities&entity_alias_filtering_fields=entities&search_type=adhoc\" | return $value ] | `aggregate_raw_and_compare(count, sum, _time, entities, 5)` | `assess_severity(f8c2132e-4733-4fbb-a421-862028e0e17e, 13730d18-2fd4-451b-8f9f-14dfeaff7512)`", "generated": "`get_full_itsi_summary_kpi(13730d18-2fd4-451b-8f9f-14dfeaff7512)` `service_level_kpi_only` | addinfo | eval mid_time = (info_max_time + info_min_time) / 2 | eval bucket=if(_time < mid_time, \"last_window\", \"current_window\") | stats latest(alert_value) AS aggregate, latest(alert_severity) AS aggregate_severity, latest(alert_color) AS aggregate_color BY bucket | reverse | delta aggregate AS window_delta | search bucket=current_window | eval window_direction=if(window_delta > 0, \"increase\", if(window_delta < 0, \"decrease\", \"none\"))"}}, "severityField": "aggregate_color", "thresholdLabel": "count", "earliest": "-60m", "thresholdMode": true, "useGenerated": true, "assetId": "13730d18-2fd4-451b-8f9f-14dfeaff7512", "search": "index=eks_logs namespace=sock-shop container_name=* | eval Error=if(like(_raw,\"%error%\"),100,0) | eval entities='container_name' | search [ | rest splunk_server=local report_as=text \"/servicesNS/nobody/SA-ITOA/itoa_interface/generate_entity_filter?service_id=f8c2132e-4733-4fbb-a421-862028e0e17e&kpi_id=13730d18-2fd4-451b-8f9f-14dfeaff7512&entity_id_fields=entities&entity_alias_filtering_fields=entities&search_type=adhoc\" | return $value ] | `aggregate_raw_into_single_value(count, sum, _time, entities, 5)` | `assess_severity(f8c2132e-4733-4fbb-a421-862028e0e17e, 13730d18-2fd4-451b-8f9f-14dfeaff7512)`", "metricField": "aggregate", "thresholdSettingModel": {"thresholdLevels": [], "baseSeverityLabel": "info", "baseSeverityValue": 1, "baseSeverityColor": "#AED3E5", "baseSeverityColorLight": "#E3F0F6", "metricField": "aggregate", "renderBoundaryMin": 0, "renderBoundaryMax": 1843.6, "isMaxStatic": false, "isMinStatic": true, "gaugeMin": 0, "gaugeMax": 100, "search": "", "comparator": ">="}, "sparklineEarliest": -3600, "latest": "now", "severityColor": "#3c3c3c", "severityLabel": "NA", "searchSource": "adhoc", "dataModel": {"datamodel": "", "object": "", "field": "", "owner_field": ""}, "dataModelStatOp": "", "whereClause": ""}, "searchFigure": true, "labelFlag": true, "label": "count", "labelFontColor": "#999999", "labelFontFamily": "Roboto, sans-serif", "labelFontSize": "12", "labelLocation": "bottom", "drilldownModel": {"useCustomDrilldown": false, "drilldownSettingsModel": {"customUrl": "", "params": {}, "objType": "default", "objPage": "search", "objId": "", "objOwner": "nobody"}}, "height": 80, "width": 302, "x": 546, "y": 177, "locked": false, "unit": "", "vizType": "sparkline", "assetId": "13730d18-2fd4-451b-8f9f-14dfeaff7512", "parent": "f8c2132e-4733-4fbb-a421-862028e0e17e", "isDeleted": false, "isSwappable": false, "isDeltaPercentage": true, "hasRoundMetric": true, "digitPrecision": 0}], "latest": "-15m", "latest_label": "15 minutes ago", "is_epoch": false, "gt_version": "classic", "source_itsi_da": "itsi", "templateSelectedServiceId": "29200c87-c859-4ea9-9d77-0f27dfe1b1d8", "templateSwappableServiceIds": ["4226b39f-6beb-4a8d-8625-c25761585b6c", "9c3811e8-cf19-4a23-9998-49ae67cf634d", "b38952ae-88d0-43d7-ac91-45f01915f637", "6e691dfb-1ae0-4e34-8d85-dd3cdb06bc21", "f8c2132e-4733-4fbb-a421-862028e0e17e", "00cc135f-48a6-4916-8eb2-d0a4292974d3", "85de4757-0d52-4084-a818-849f1cc9e114", "291c9638-d3c9-42a3-b5fa-75e7dac57f9d", "d956e86f-cefc-4844-8a80-da694c22d973", "29200c87-c859-4ea9-9d77-0f27dfe1b1d8"], "mod_source": "REST", "object_type": "glass_table", "mod_timestamp": "2020-10-08T19:32:37.083445+00:00", "_version": "4.4.5", "identifying_name": "test", "interactable": true, "zoom_factor": 1.6666666666666685, "svg_coordinates": {"viewdx": 0, "viewdy": 0}, "_user": "nobody", "_key": "5f7f4a1374d1630f3a43c8ca"}]