[{"backup_history": [{"search_head_id": "44F8CED6-27FE-48D4-93E9-F243F95FCAB7", "create_time": 1602211649.6379514, "file_name": "ItsiDefaultScheduledBackup-1602211649"}, {"search_head_id": "44F8CED6-27FE-48D4-93E9-F243F95FCAB7", "create_time": 1602208050.3982089, "file_name": "ItsiDefaultScheduledBackup-1602208050"}, {"search_head_id": "44F8CED6-27FE-48D4-93E9-F243F95FCAB7", "create_time": 1602122395.0112894, "file_name": "ItsiDefaultScheduledBackup-1602122395"}, {"search_head_id": "44F8CED6-27FE-48D4-93E9-F243F95FCAB7", "create_time": 1602035705.5388124, "file_name": "ItsiDefaultScheduledBackup-1602035705"}, {"search_head_id": "44F8CED6-27FE-48D4-93E9-F243F95FCAB7", "create_time": 1601949298.388661, "file_name": "ItsiDefaultScheduledBackup-1601949298"}, {"search_head_id": "44F8CED6-27FE-48D4-93E9-F243F95FCAB7", "create_time": 1601862897.3787904, "file_name": "ItsiDefaultScheduledBackup-1601862897"}, {"search_head_id": "44F8CED6-27FE-48D4-93E9-F243F95FCAB7", "create_time": 1601776497.853193, "file_name": "ItsiDefaultScheduledBackup-1601776497"}, {"search_head_id": "44F8CED6-27FE-48D4-93E9-F243F95FCAB7", "create_time": 1601690100.4039276, "file_name": "ItsiDefaultScheduledBackup-1601690100"}], "mod_source": "REST", "object_type": "backup_restore", "status": "Scheduled Daily", "scheduled_time": 1602291600.665415, "path": "/opt/splunk/var/itsi/backups/ItsiDefaultScheduledBackup/backup", "last_error": "None", "start_time": 1602211649.6379514, "end_time": 1602211661.2177947, "search_head_id": "44F8CED6-27FE-48D4-93E9-F243F95FCAB7", "title": "Default Scheduled Backup", "job_type": "Backup", "scheduled": 1, "include_conf_files": 1, "frequency": "daily", "_owner": "nobody", "enabled": 1, "keep_max_time": 604800, "mod_timestamp": "2020-10-09T17:14:27.730982+00:00", "_version": "4.4.5", "identifying_name": "default scheduled backup", "_user": "nobody", "_key": "ItsiDefaultScheduledBackup"}]