[{"group_title": "%title%", "group_description": "%description%", "group_status": "%status%", "group_assignee": "%owner%", "disabled": 0, "is_default": 1, "object_type": "notable_aggregation_policy", "title": "Default Policy", "description": "Applies to events that do not meet the criteria of any other active policy.", "split_by_field": "source", "priority": 5, "group_severity": "%severity%", "filter_criteria": {"condition": "OR", "items": []}, "breaking_criteria": {"condition": "OR", "items": [{"type": "pause", "config": {"limit": "7200"}}]}, "rules": [], "create_time": 1601472622.007224, "mod_time": 1601472622.007224, "identifying_name": "default policy", "_user": "nobody", "_key": "itsi_default_policy"}, {"group_title": "%title%", "group_description": "%description%", "group_status": "%status%", "group_assignee": "%owner%", "disabled": 1, "is_default": 0, "object_type": "notable_aggregation_policy", "title": "Default SNMP Policy", "description": "Aggregation policy for SNMP traps", "split_by_field": "node,description", "priority": "", "group_severity": "%severity%", "filter_criteria": {"items": [{"type": "clause", "config": {"items": [{"type": "notable_event_field", "config": {"operator": "=", "field": "node", "value": "*"}}, {"type": "notable_event_field", "config": {"operator": "=", "field": "description", "value": "*"}}], "condition": "AND"}}], "condition": "OR"}, "breaking_criteria": {"items": [{"type": "clause", "config": {"items": [{"type": "notable_event_field", "config": {"operator": "=", "field": "severity", "value": "2"}}], "condition": "AND"}}], "condition": "OR"}, "rules": [], "create_time": 1601472622.3387668, "mod_time": 1601472622.3387668, "identifying_name": "default snmp policy", "_user": "nobody", "_key": "itsi_default_snmp_policy"}, {"_owner": "nobody", "title": "KPI Alerting Policy", "group_title": "KPI Alerts from Service: %service_title%", "sub_group_limit": "", "group_assignee": "%last_owner%", "group_status": "%last_status%", "breaking_criteria": {"condition": "OR", "items": [{"type": "pause", "config": {"limit": "3600"}}]}, "disabled": 0, "is_default": 0, "priority": "", "identifying_name": "kpi alerting policy", "split_by_field": "service_ids", "rules": [], "object_type": "notable_aggregation_policy", "description": "Aggregation policy for KPI state-change alerts", "source_itsi_da": "itsi", "group_description": "Grouped alerts from service %service_title%; most recent alert from KPI %kpi_title%", "group_severity": "%last_severity%", "filter_criteria": {"condition": "OR", "items": [{"type": "clause", "config": {"condition": "AND", "items": [{"type": "notable_event_field", "config": {"value": "*", "operator": "=", "field": "kpiid"}}, {"type": "notable_event_field", "config": {"field": "alert_type", "operator": "=", "value": "KPI alert"}}]}}]}, "create_time": 1601472622.4470809, "mod_time": 1601472622.4470809, "_user": "nobody", "_key": "kpi_alerting_policy"}, {"group_title": "Normalized Alert for %itsiInstance% (%itsiSubInstance%) : %itsiAlert%", "group_description": "%last_description%", "group_status": "%status%", "group_assignee": "%owner%", "disabled": 0, "is_default": 0, "object_type": "notable_aggregation_policy", "title": "Normalized Policy (Splunk App for Infrastructure)", "description": "Applies to events that contain ITSI normalized fields.", "split_by_field": "itsiAlert,itsiInstance,itsiSubInstance", "priority": "", "group_severity": "%last_severity%", "filter_criteria": {"items": [{"config": {"items": [{"config": {"operator": "=", "field": "itsiAlert", "value": "*"}, "type": "notable_event_field"}, {"config": {"operator": "=", "field": "itsiInstance", "value": "*"}, "type": "notable_event_field"}, {"config": {"operator": "=", "field": "itsiSubInstance", "value": "*"}, "type": "notable_event_field"}, {"config": {"operator": "=", "field": "itsiSeverity", "value": "*"}, "type": "notable_event_field"}], "condition": "AND"}, "type": "clause"}], "condition": "OR"}, "breaking_criteria": {"items": [{"config": {"limit": "3600"}, "type": "pause"}, {"config": {"items": [{"config": {"operator": "=", "field": "severity", "value": "2"}, "type": "notable_event_field"}], "condition": "AND"}, "type": "clause"}], "condition": "OR"}, "rules": [{"priority": 5, "activation_criteria": {"items": [{"type": "breaking_criteria"}, {"config": {"operator": ">=", "limit": "2"}, "type": "notable_event_count"}], "condition": "AND"}, "actions": [{"items": [{"execution_criteria": {"execute_on": "GROUP"}, "type": "notable_event_change", "config": {"field": "status", "value": "4"}}], "condition": "AND"}], "title": "", "description": ""}, {"priority": 5, "activation_criteria": {"items": [{"type": "breaking_criteria"}, {"config": {"operator": "==", "limit": "1"}, "type": "notable_event_count"}], "condition": "AND"}, "actions": [{"items": [{"execution_criteria": {"execute_on": "GROUP"}, "type": "notable_event_change", "config": {"field": "status", "value": "5"}}], "condition": "AND"}], "title": "", "description": ""}], "create_time": 1601472622.2001972, "mod_time": 1601472622.2001972, "identifying_name": "normalized policy (splunk app for infrastructure)", "_user": "nobody", "_key": "normalized_aggregation_policy"}]