[{"isDefault": true, "title": "", "description": "", "mod_time": "", "acl": {"can_change_perms": true, "can_share_app": true, "can_share_global": true, "can_share_user": true, "can_write": true, "modifiable": true, "owner": "jesus", "perms": {"read": ["*"], "write": ["*"]}, "sharing": "app"}, "_owner": "nobody", "source_itsi_da": "itsi", "serviceWhitelist": "", "kpiWhitelist": [], "isServiceFilterEnabled": false, "isKpiFilterEnabled": false, "serviceTilesSettings": {"isFilterEnabled": false, "numTiles": 50}, "kpiTilesSettings": {"isFilterEnabled": false, "numTiles": 50}, "earliest_time": "-12h", "latest_time": "now", "view": "standard", "viewType": "tile", "tileSize": "large", "showDisabledServices": 0, "searchType": "aggregate", "serviceFilterString": "", "kpiFilterString": "", "mod_source": "REST", "object_type": "home_view", "mod_timestamp": "2020-09-30T13:35:03.478280+00:00", "_version": "4.4.5", "identifying_name": "", "_user": "nobody", "_key": "jesus"}, {"title": "testSA", "description": "", "mod_time": "2020-10-08 13:22:23", "acl": {"can_change_perms": true, "can_share_app": true, "can_share_global": true, "can_share_user": true, "can_write": true, "modifiable": true, "owner": "jesus", "perms": {"read": ["*"], "write": ["*"]}, "sharing": "app"}, "_owner": "nobody", "source_itsi_da": "itsi", "serviceWhitelist": "", "kpiWhitelist": [], "isServiceFilterEnabled": false, "isKpiFilterEnabled": false, "serviceTilesSettings": {"isFilterEnabled": false, "numTiles": 50}, "kpiTilesSettings": {"isFilterEnabled": false, "numTiles": 50}, "earliest_time": "-60m@m", "latest_time": "now", "view": "standard", "viewType": "service_topology", "isDefault": false, "tileSize": "large", "showDisabledServices": 0, "searchType": "aggregate", "serviceFilterString": "", "kpiFilterString": "", "mod_source": "REST", "object_type": "home_view", "mod_timestamp": "2020-10-08T17:22:24.110276+00:00", "_version": "4.4.5", "identifying_name": "testsa", "interactable": true, "selectedServiceId": "", "selectedKpiId": "", "showServiceDependencies": false, "_user": "nobody", "_key": "dd43dd58-08b3-11eb-92cb-16e9e39a00a9"}]